Classname,NoF,NoM,SIZE,CONN_IN,CONN_OUT,CONN_TOTAL,CONN_IN_W,CONN_OUT_W,CONN_TOTAL_W,PR,PR_U,PR_U2_W,
org.apache.tools.ant.Project,34,100,134,198,48,246,12027,11114,23141,0.02955,0.02562,0.01696,
org.apache.tools.ant.BuildException,2,15,17,216,1,217,545,15,560,0.03193,0.02822,0.00718,
org.apache.tools.ant.UnknownElement,6,28,34,107,106,213,23424,23363,46787,0.0094,0.00694,0.01114,
org.apache.tools.ant.ProjectComponent,1,5,6,106,78,184,15172,15056,30228,0.01091,0.00693,0.00617,
org.apache.tools.ant.taskdefs.Delete,9,41,50,77,98,175,14146,14250,28396,0.00472,0.00571,0.00501,
org.apache.tools.ant.RuntimeConfigurable,11,21,32,88,85,173,15712,15603,31315,0.00722,0.0051,0.00615,
org.apache.tools.ant.types.selectors.SelectorContainer,0,24,24,80,91,171,5898,5952,11850,0.00485,0.00531,0.00242,
org.apache.tools.ant.taskdefs.condition.Os,8,13,21,89,78,167,10720,10686,21406,0.0132,0.00497,0.00394,
org.apache.tools.ant.util.StringUtils,1,6,7,90,77,167,3302,3257,6559,0.00669,0.00512,0.00178,
org.apache.tools.ant.TaskContainer,0,1,1,86,78,164,15064,15022,30086,0.00578,0.00468,0.0052,
org.apache.tools.ant.taskdefs.ExecuteStreamHandler,0,5,5,85,77,162,13838,13796,27634,0.00529,0.00443,0.00466,
org.apache.tools.ant.types.Resource,4,14,18,85,77,162,7714,7626,15340,0.0067,0.00444,0.00329,
org.apache.tools.ant.taskdefs.LogStreamHandler,0,2,2,80,81,161,13089,13092,26181,0.0049,0.00426,0.00435,
org.apache.tools.ant.taskdefs.condition.Condition,0,1,1,84,77,161,11110,11028,22138,0.00537,0.00427,0.00382,
org.apache.tools.ant.types.Description,0,5,5,78,83,161,9009,9050,18059,0.00523,0.00408,0.00311,
org.apache.tools.ant.taskdefs.ManifestException,0,1,1,83,77,160,12886,12876,25762,0.00522,0.00425,0.00423,
org.apache.tools.ant.taskdefs.email.Mailer,15,18,33,80,80,160,10135,10085,20220,0.00486,0.00427,0.00419,
org.apache.tools.ant.types.selectors.SelectSelector,2,13,15,80,80,160,5963,5965,11928,0.00484,0.00396,0.00227,
org.apache.tools.ant.util.IdentityMapper,0,4,4,82,78,160,4264,4256,8520,0.005,0.00419,0.00179,
org.apache.tools.ant.TypeAdapter,0,5,5,81,78,159,15037,15020,30057,0.00536,0.00403,0.00497,
org.apache.tools.ant.taskdefs.Filter,3,6,9,77,82,159,13736,13750,27486,0.00471,0.00407,0.00453,
org.apache.tools.ant.taskdefs.compilers.JavacExternal,0,2,2,78,81,159,11165,11184,22349,0.00474,0.00402,0.00375,
org.apache.tools.ant.taskdefs.compilers.Sj,0,2,2,78,81,159,11077,11094,22171,0.00474,0.00402,0.00372,
org.apache.tools.ant.types.selectors.AndSelector,0,3,3,80,79,159,7071,7061,14132,0.00484,0.00385,0.00256,
org.apache.tools.ant.types.selectors.MajoritySelector,1,4,5,80,79,159,6332,6322,12654,0.00484,0.00385,0.00235,
org.apache.tools.ant.types.selectors.NoneSelector,0,3,3,80,79,159,6233,6220,12453,0.00484,0.00385,0.00232,
org.apache.tools.ant.types.selectors.OrSelector,0,3,3,80,79,159,6125,6115,12240,0.00484,0.00385,0.00229,
org.apache.tools.ant.util.GlobPatternMapper,6,5,11,81,78,159,4341,4318,8659,0.00535,0.00437,0.00219,
org.apache.tools.ant.input.DefaultInputHandler,0,4,4,79,79,158,14613,14630,29243,0.00529,0.00394,0.00475,
org.apache.tools.ant.taskdefs.BZip2,0,2,2,77,81,158,14431,14445,28876,0.00471,0.00417,0.00494,
org.apache.tools.ant.taskdefs.Basename,3,5,8,77,81,158,14419,14428,28847,0.00471,0.00393,0.00468,
org.apache.tools.ant.taskdefs.condition.IsReference,2,4,6,78,80,158,10845,10865,21710,0.00485,0.0039,0.00371,
org.apache.tools.ant.types.ResourceLocation,4,7,11,81,77,158,7586,7532,15118,0.00509,0.00419,0.00326,
org.apache.tools.ant.types.selectors.ExtendFileSelector,0,0,0,79,79,158,6519,6519,13038,0.00508,0.00395,0.00253,
org.apache.tools.ant.util.LineTokenizer,3,4,7,81,77,158,3834,3809,7643,0.00934,0.00406,0.00198,
org.apache.tools.ant.util.MergingMapper,1,4,5,80,78,158,3684,3672,7356,0.00481,0.00393,0.00151,
org.apache.tools.ant.util.RegexpPatternMapper,3,5,8,77,81,158,3533,3552,7085,0.00471,0.004,0.00171,
org.apache.tools.ant.util.Watchdog,3,7,10,80,78,158,2856,2835,5691,0.00533,0.00392,0.00164,
org.apache.tools.ant.NoBannerLogger,1,4,5,77,80,157,15052,15074,30126,0.00471,0.00384,0.0049,
org.apache.tools.ant.taskdefs.condition.IsSet,1,3,4,78,79,157,10815,10822,21637,0.00485,0.0038,0.00362,
org.apache.tools.ant.taskdefs.condition.Not,0,2,2,78,79,157,10752,10762,21514,0.00485,0.00369,0.00361,
org.apache.tools.ant.taskdefs.cvslib.CVSEntry,4,9,13,80,77,157,10646,10613,21259,0.00528,0.00387,0.00393,
org.apache.tools.ant.taskdefs.cvslib.RedirectingOutputStream,1,2,3,78,79,157,10272,10281,20553,0.00479,0.00388,0.00358,
org.apache.tools.ant.taskdefs.email.EmailAddress,2,8,10,80,77,157,10211,10187,20398,0.00486,0.00388,0.00356,
org.apache.tools.ant.types.selectors.NotSelector,0,3,3,80,77,157,6178,6162,12340,0.00484,0.00377,0.00225,
org.apache.tools.ant.util.CollectionUtils,0,4,4,80,77,157,4750,4741,9491,0.00507,0.00387,0.00181,
org.apache.tools.ant.util.Tokenizer,0,2,2,80,77,157,2992,2972,5964,0.00503,0.00392,0.00171,
org.apache.tools.ant.util.facade.ImplementationSpecificArgument,1,3,4,79,78,157,2544,2532,5076,0.00504,0.00398,0.00112,
org.apache.tools.ant.DemuxInputStream,1,3,4,78,78,156,15076,15082,30158,0.00478,0.00373,0.00486,
org.apache.tools.ant.ExitException,1,3,4,79,77,156,15078,15073,30151,0.00482,0.0039,0.00494,
org.apache.tools.ant.input.InputRequest,2,5,7,79,77,156,14624,14593,29217,0.00573,0.00371,0.00482,
org.apache.tools.ant.input.PropertyFileInputHandler,2,3,5,77,79,156,14574,14589,29163,0.00471,0.00372,0.00474,
org.apache.tools.ant.taskdefs.condition.And,0,2,2,78,78,156,11056,11064,22120,0.00485,0.00358,0.00368,
org.apache.tools.ant.taskdefs.condition.Contains,3,5,8,78,78,156,10982,10983,21965,0.00485,0.00369,0.00367,
org.apache.tools.ant.taskdefs.condition.Equals,4,6,10,78,78,156,10956,10957,21913,0.00485,0.00369,0.00366,
org.apache.tools.ant.taskdefs.condition.Http,2,4,6,78,78,156,10902,10906,21808,0.00485,0.00369,0.00365,
org.apache.tools.ant.taskdefs.condition.IsFalse,1,3,4,78,78,156,10874,10878,21752,0.00485,0.00369,0.00364,
org.apache.tools.ant.taskdefs.condition.IsTrue,1,3,4,78,78,156,10784,10788,21572,0.00485,0.00369,0.00361,
org.apache.tools.ant.taskdefs.condition.Or,0,2,2,78,78,156,10719,10727,21446,0.00485,0.00358,0.00358,
org.apache.tools.ant.taskdefs.condition.Socket,2,4,6,78,78,156,10650,10654,21304,0.00485,0.00369,0.00358,
org.apache.tools.ant.taskdefs.cvslib.CvsUser,2,6,8,78,78,156,10400,10389,20789,0.00473,0.00372,0.00355,
org.apache.tools.ant.taskdefs.email.UUMailer,0,2,2,77,79,156,9932,9937,19869,0.00471,0.00374,0.00337,
org.apache.tools.ant.types.selectors.modifiedselector.Cache,0,7,7,79,77,156,5405,5385,10790,0.00505,0.00382,0.00245,
org.apache.tools.ant.util.facade.FacadeTaskHelper,4,9,13,79,77,156,2638,2613,5251,0.00482,0.00371,0.00126,
org.apache.tools.ant.input.MultipleChoiceInputRequest,1,3,4,78,77,155,14589,14587,29176,0.00476,0.00361,0.00472,
org.apache.tools.ant.taskdefs.ProcessDestroyer,7,8,15,78,77,155,12588,12577,25165,0.00478,0.0036,0.0041,
org.apache.tools.ant.taskdefs.Sequential,1,3,4,77,78,155,12171,12186,24357,0.00471,0.00361,0.00404,
org.apache.tools.ant.taskdefs.cvslib.CvsTagEntry,3,7,10,78,77,155,10442,10425,20867,0.00478,0.00364,0.00365,
org.apache.tools.ant.taskdefs.cvslib.RCSFile,3,5,8,78,77,155,10322,10309,20631,0.00486,0.00364,0.00354,
org.apache.tools.ant.types.selectors.modifiedselector.EqualComparator,0,3,3,78,77,155,5273,5271,10544,0.00474,0.00363,0.00197,
org.apache.tools.ant.types.selectors.modifiedselector.HashvalueAlgorithm,0,4,4,77,78,155,5213,5216,10429,0.00471,0.00369,0.002,
org.apache.tools.ant.util.CollectionUtils$EmptyEnumeration,0,3,3,78,77,155,4685,4681,9366,0.00495,0.00359,0.00176,
org.apache.tools.ant.util.LazyFileOutputStream,5,10,15,78,77,155,3940,3935,7875,0.00474,0.0036,0.00158,
org.apache.tools.ant.util.TaskLogger,1,6,7,77,78,155,3187,3196,6383,0.00471,0.00361,0.00135,
org.apache.tools.ant.util.TeeOutputStream,2,6,8,78,77,155,3118,3116,6234,0.00474,0.0036,0.0013,
org.apache.tools.mail.ErrorInQuitException,0,1,1,78,77,155,1619,1617,3236,0.00483,0.00376,0.00089,
org.apache.tools.ant.taskdefs.ProcessDestroyer$ProcessDestroyerImpl,2,3,5,77,77,154,12558,12560,25118,0.00471,0.0035,0.00409,
org.apache.tools.ant.types.DTDLocation,0,1,1,77,77,154,9096,9099,18195,0.00471,0.0035,0.00308,
org.apache.tools.ant.util.KeepAliveInputStream,0,2,2,77,77,154,4067,4064,8131,0.00471,0.0035,0.00158,
org.apache.tools.ant.util.KeepAliveOutputStream,0,2,2,77,77,154,4000,4000,8000,0.00471,0.0035,0.00156,
org.apache.tools.ant.Task,8,30,38,110,8,118,1070,569,1639,0.01151,0.0143,0.01301,
org.apache.tools.ant.Location,4,8,12,76,1,77,137,6,143,0.03362,0.00988,0.00184,
org.apache.tools.ant.types.AbstractFileSet,7,50,57,27,32,59,1320,1373,2693,0.00284,0.00586,0.00489,
org.apache.tools.ant.Target,7,23,30,35,23,58,7447,7305,14752,0.00664,0.00387,0.00455,
org.apache.tools.ant.ProjectHelper,6,18,24,32,25,57,8278,8270,16548,0.00414,0.00383,0.00541,
org.apache.tools.ant.types.EnumeratedAttribute,2,8,10,49,7,56,735,602,1337,0.01108,0.00954,0.00868,
org.apache.tools.ant.Project$AntRefTable,1,3,4,27,27,54,10892,10902,21794,0.00409,0.00275,0.00788,
org.apache.tools.ant.util.FileUtils,9,37,46,46,7,53,371,41,412,0.03716,0.00636,0.00408,
org.apache.tools.ant.types.Path,2,30,32,39,13,52,681,239,920,0.00445,0.00624,0.00599,
org.apache.tools.ant.helper.ProjectHelper2,5,9,14,21,26,47,8526,8610,17136,0.00342,0.0027,0.0053,
org.apache.tools.ant.helper.ProjectHelper2$ElementHandler,0,5,5,20,26,46,8491,8569,17060,0.00339,0.00246,0.00502,
org.apache.tools.ant.helper.ProjectHelperImpl$NestedElementHandler,5,4,9,20,26,46,8400,8457,16857,0.00339,0.00237,0.00485,
org.apache.tools.ant.helper.ProjectHelperImpl,7,14,21,21,24,45,8541,8523,17064,0.00343,0.00244,0.00525,
org.apache.tools.ant.helper.ProjectHelperImpl$TaskHandler,5,4,9,20,25,45,8330,8396,16726,0.00338,0.00236,0.0049,
org.apache.tools.ant.IntrospectionHelper,26,33,59,21,24,45,1611,1575,3186,0.00298,0.0044,0.007,
org.apache.tools.ant.taskdefs.Javadoc,33,85,118,12,32,44,3550,3794,7344,0.00177,0.00421,0.00309,
org.apache.tools.ant.taskdefs.Zip,23,38,61,11,32,43,2196,2370,4566,0.00098,0.00393,0.00312,
org.apache.tools.ant.helper.ProjectHelper2$ProjectHandler,0,3,3,20,22,42,8476,8532,17008,0.00337,0.00214,0.00494,
org.apache.tools.ant.helper.ProjectHelper2$RootHandler,3,10,13,20,22,42,8476,8521,16997,0.00337,0.00214,0.00496,
org.apache.tools.ant.helper.ProjectHelper2$TargetHandler,0,4,4,20,22,42,8457,8506,16963,0.00337,0.00214,0.00492,
org.apache.tools.ant.helper.ProjectHelperImpl$DataTypeHandler,3,4,7,20,22,42,8424,8463,16887,0.00337,0.00209,0.00488,
org.apache.tools.ant.helper.ProjectHelperImpl$TargetHandler,1,3,4,20,22,42,8344,8383,16727,0.00337,0.00215,0.00487,
org.apache.tools.ant.taskdefs.Execute,19,30,49,21,21,42,3741,3692,7433,0.00169,0.00375,0.00339,
org.apache.tools.ant.taskdefs.MatchingTask,1,42,43,14,28,42,1145,1215,2360,0.0011,0.00403,0.00264,
org.apache.tools.ant.helper.ProjectHelper2$AntHandler,0,7,7,20,21,41,8548,8501,17049,0.00336,0.00203,0.00492,
org.apache.tools.ant.helper.ProjectHelper2$MainHandler,0,2,2,20,21,41,8484,8497,16981,0.00336,0.00203,0.00489,
org.apache.tools.ant.helper.ProjectHelperImpl$ProjectHandler,0,4,4,20,21,41,8379,8420,16799,0.00336,0.00205,0.00486,
org.apache.tools.ant.helper.ProjectHelperImpl$RootHandler,1,4,5,20,21,41,8359,8390,16749,0.00336,0.00204,0.00486,
org.apache.tools.ant.helper.ProjectHelperImpl$AbstractHandler,2,4,6,20,20,40,8468,8444,16912,0.00335,0.00194,0.00487,
org.apache.tools.ant.helper.ProjectHelperImpl$DescriptionHandler,0,2,2,20,20,40,8407,8423,16830,0.00335,0.00194,0.00484,
org.apache.tools.ant.DirectoryScanner,22,53,75,29,10,39,1147,1073,2220,0.0021,0.00468,0.00742,
org.apache.tools.ant.types.FileSet,0,3,3,30,6,36,1483,1322,2805,0.00298,0.00389,0.00573,
org.apache.tools.ant.taskdefs.condition.ConditionBase,1,20,21,11,24,35,738,794,1532,0.00388,0.00236,0.00648,
org.apache.tools.ant.types.Reference,1,5,6,33,2,35,202,8,210,0.00357,0.0044,0.00236,
org.apache.tools.ant.types.Commandline,3,30,33,28,4,32,620,336,956,0.00326,0.0036,0.00402,
org.apache.tools.ant.taskdefs.Ant,12,24,36,10,21,31,2664,2751,5415,0.00186,0.00277,0.0037,
org.apache.tools.ant.types.FilterChain,1,25,26,5,26,31,24,102,126,0.00084,0.00529,0.00227,
org.apache.tools.ant.taskdefs.Tar,12,12,24,10,19,29,2364,2479,4843,0.00093,0.00285,0.00333,
org.apache.tools.ant.types.selectors.BaseSelectorContainer,1,28,29,5,23,28,15,97,112,0.00059,0.00235,0.00094,
org.apache.tools.ant.taskdefs.Jar,14,23,37,11,16,27,2199,2266,4465,0.00096,0.00242,0.00273,
org.apache.tools.ant.taskdefs.Javadoc$ExtensionInfo,2,7,9,11,15,26,3506,3518,7024,0.00141,0.00205,0.00243,
org.apache.tools.ant.taskdefs.Available,11,20,31,9,17,26,2591,2668,5259,0.00193,0.0021,0.00338,
org.apache.tools.ant.types.CommandlineJava,9,35,44,10,16,26,1306,1365,2671,0.00184,0.00221,0.00249,
org.apache.tools.ant.taskdefs.Javadoc$TagArgument,5,6,11,11,14,25,3454,3461,6915,0.00141,0.00199,0.00232,
org.apache.tools.ant.taskdefs.Ear,3,8,11,9,16,25,2095,2129,4224,0.00084,0.00221,0.00293,
org.apache.tools.ant.ComponentHelper,14,34,48,9,16,25,590,653,1243,0.00156,0.00289,0.00321,
org.apache.tools.ant.types.Commandline$Argument,1,7,8,19,6,25,428,336,764,0.00263,0.0029,0.00341,
org.apache.tools.ant.types.PatternSet,4,22,26,12,12,24,2450,2406,4856,0.00099,0.00182,0.00403,
org.apache.tools.ant.taskdefs.PumpStreamHandler,6,15,21,14,10,24,1970,1959,3929,0.00204,0.00213,0.00279,
org.apache.tools.ant.AntClassLoader,20,49,69,16,8,24,621,570,1191,0.00232,0.00315,0.00383,
org.apache.tools.ant.types.Parameter,3,7,10,24,0,24,162,0,162,0.00368,0.00381,0.00442,
org.apache.tools.ant.taskdefs.Execute$CommandLauncher,0,4,4,10,13,23,3641,3608,7249,0.0012,0.00195,0.00266,
org.apache.tools.ant.taskdefs.Execute$Java11CommandLauncher,0,3,3,10,13,23,3594,3610,7204,0.0012,0.00195,0.00264,
org.apache.tools.ant.taskdefs.Execute$Java13CommandLauncher,1,2,3,10,13,23,3594,3609,7203,0.0012,0.00184,0.00254,
org.apache.tools.ant.taskdefs.Javadoc$AccessType,0,2,2,11,12,23,3502,3501,7003,0.0014,0.00183,0.00233,
org.apache.tools.ant.taskdefs.Javadoc$JavadocOutputStream,2,3,5,11,12,23,3482,3487,6969,0.0014,0.00178,0.00233,
org.apache.tools.ant.taskdefs.Tar$TarFileSet,8,17,25,10,13,23,2387,2373,4760,0.00091,0.00185,0.00284,
org.apache.tools.ant.taskdefs.Javac,28,75,103,8,15,23,415,419,834,0.00097,0.00241,0.00267,
org.apache.tools.ant.taskdefs.Rmic,21,48,69,6,17,23,330,367,697,0.00105,0.00273,0.00251,
org.apache.tools.ant.taskdefs.Javadoc$DocletInfo,2,3,5,11,11,22,3507,3513,7020,0.00139,0.00167,0.00233,
org.apache.tools.ant.taskdefs.Javadoc$GroupArgument,3,7,10,11,11,22,3501,3516,7017,0.00139,0.00167,0.00233,
org.apache.tools.ant.taskdefs.Javadoc$DocletParam,3,5,8,11,11,22,3509,3502,7011,0.00139,0.00167,0.00233,
org.apache.tools.ant.taskdefs.Javadoc$Html,1,3,4,11,11,22,3509,3483,6992,0.00139,0.00167,0.00232,
org.apache.tools.ant.taskdefs.Javadoc$LinkArgument,4,7,11,11,11,22,3491,3477,6968,0.00139,0.00167,0.00232,
org.apache.tools.ant.taskdefs.Javadoc$PackageName,1,4,5,11,11,22,3483,3462,6945,0.00139,0.00167,0.00231,
org.apache.tools.ant.taskdefs.Javadoc$SourceFile,1,4,5,11,11,22,3466,3453,6919,0.00139,0.00167,0.0023,
org.apache.tools.ant.taskdefs.Tar$TarCompressionMethod,3,4,7,10,12,22,2373,2366,4739,0.00091,0.00199,0.00288,
org.apache.tools.ant.types.CommandlineJava$SysProperties,2,9,11,10,12,22,1267,1257,2524,0.0018,0.00187,0.00188,
org.apache.tools.ant.filters.TokenFilter,5,19,24,6,16,22,23,74,97,0.00089,0.00293,0.00243,
org.apache.tools.ant.taskdefs.Execute$CommandLauncherProxy,1,2,3,10,11,21,3609,3610,7219,0.00119,0.00162,0.00253,
org.apache.tools.ant.taskdefs.Execute$MacCommandLauncher,0,2,2,10,11,21,3587,3599,7186,0.00119,0.00162,0.00251,
org.apache.tools.ant.taskdefs.Execute$OS2CommandLauncher,0,2,2,10,11,21,3582,3593,7175,0.00119,0.00162,0.00251,
org.apache.tools.ant.taskdefs.Execute$PerlScriptCommandLauncher,1,2,3,10,11,21,3576,3591,7167,0.00119,0.00162,0.00251,
org.apache.tools.ant.taskdefs.Execute$ScriptCommandLauncher,1,2,3,10,11,21,3569,3584,7153,0.00119,0.00162,0.0025,
org.apache.tools.ant.taskdefs.Execute$VmsCommandLauncher,0,4,4,10,11,21,3561,3566,7127,0.00119,0.00162,0.0025,
org.apache.tools.ant.taskdefs.Execute$WinNTCommandLauncher,0,2,2,10,11,21,3552,3563,7115,0.00119,0.00162,0.00249,
org.apache.tools.ant.types.PatternSet$NameEntry,4,8,12,12,9,21,2395,2371,4766,0.00098,0.00147,0.0038,
org.apache.tools.ant.taskdefs.Tar$TarLongFileMode,6,7,13,10,11,21,2369,2355,4724,0.0009,0.00169,0.00281,
org.apache.tools.ant.taskdefs.Zip$ArchiveState,2,3,5,10,11,21,2190,2187,4377,0.0009,0.00158,0.00261,
org.apache.tools.ant.taskdefs.Zip$Duplicate,0,2,2,10,11,21,2173,2172,4345,0.0009,0.00169,0.0026,
org.apache.tools.ant.taskdefs.Zip$WhenEmpty,0,2,2,10,11,21,2168,2163,4331,0.0009,0.00169,0.0026,
org.apache.tools.ant.taskdefs.XSLTProcess,21,30,51,4,17,21,670,783,1453,0.00095,0.00346,0.00441,
org.apache.tools.ant.taskdefs.ExecuteOn,16,23,39,3,18,21,361,454,815,0.0008,0.00283,0.00292,
org.apache.tools.ant.taskdefs.Java,12,48,60,0,21,21,0,223,223,0.00033,0.00266,0.00101,
org.apache.tools.ant.util.FileNameMapper,0,3,3,20,1,21,144,60,204,0.00678,0.00246,0.00249,
org.apache.tools.ant.taskdefs.rmic.RmicAdapter,0,4,4,10,10,20,718,704,1422,0.00155,0.00185,0.00316,
org.apache.tools.ant.taskdefs.rmic.SunRmic,3,3,6,7,13,20,653,674,1327,0.00347,0.00196,0.00592,
org.apache.tools.ant.taskdefs.compilers.DefaultCompilerAdapter,23,21,44,8,12,20,48,158,206,0.00113,0.00234,0.00093,
org.apache.tools.ant.taskdefs.Ant$Reference,1,3,4,10,9,19,2619,2602,5221,0.00177,0.00148,0.00322,
org.apache.tools.ant.taskdefs.Jar$FilesetManifestConfig,0,2,2,9,10,19,2200,2196,4396,0.00086,0.00157,0.00261,
org.apache.tools.ant.taskdefs.Definer,11,22,33,6,13,19,1022,1059,2081,0.00184,0.00255,0.00341,
org.apache.tools.ant.taskdefs.compilers.Kjc,1,4,5,7,12,19,729,765,1494,0.00343,0.00179,0.00652,
org.apache.tools.ant.taskdefs.MacroDef,7,19,26,5,14,19,39,94,133,0.00097,0.00213,0.00164,
org.apache.tools.ant.types.selectors.modifiedselector.ModifiedSelector,11,18,29,5,14,19,19,100,119,0.00055,0.00282,0.00205,
org.apache.tools.ant.types.DataType,3,15,18,15,4,19,57,26,83,0.0027,0.00247,0.00133,
org.apache.tools.ant.filters.BaseFilterReader,3,10,13,17,2,19,57,13,70,0.00227,0.00362,0.00223,
org.apache.tools.zip.ZipShort,1,7,8,13,6,19,60,6,66,0.00418,0.00217,0.00104,
org.apache.tools.ant.filters.ChainableReader,0,1,1,19,0,19,61,0,61,0.0022,0.00363,0.0021,
org.apache.tools.ant.taskdefs.WaitFor,5,7,12,7,11,18,871,891,1762,0.00139,0.00162,0.00367,
org.apache.tools.ant.taskdefs.ConditionTask,2,4,6,7,11,18,871,885,1756,0.00139,0.00162,0.00366,
org.apache.tools.ant.taskdefs.compilers.CompilerAdapter,0,2,2,10,8,18,850,839,1689,0.00151,0.00158,0.00359,
org.apache.tools.ant.taskdefs.compilers.Javac12,3,3,6,7,11,18,729,746,1475,0.00341,0.00169,0.00646,
org.apache.tools.ant.taskdefs.ExecTask,15,36,51,4,14,18,33,130,163,0.00047,0.00229,0.00097,
org.apache.tools.zip.ZipExtraField,0,6,6,10,8,18,86,45,131,0.00177,0.00193,0.00118,
org.apache.tools.ant.types.PropertySet,6,17,23,6,12,18,37,84,121,0.0007,0.00269,0.00135,
org.apache.tools.ant.taskdefs.Copy,21,31,52,2,16,18,12,99,111,0.00046,0.00241,0.00095,
org.apache.tools.ant.util.JavaEnvUtils,14,11,25,16,2,18,56,13,69,0.00676,0.00243,0.001,
org.apache.tools.ant.taskdefs.Available$FileDir,1,5,6,8,9,17,2596,2586,5182,0.00172,0.0013,0.00315,
org.apache.tools.ant.Main,19,23,42,3,14,17,968,1058,2026,0.00107,0.00204,0.0016,
org.apache.tools.ant.filters.util.ChainReaderHelper,8,10,18,4,13,17,362,364,726,0.00501,0.0022,0.00437,
org.apache.tools.ant.taskdefs.AbstractCvsTask,24,42,66,4,13,17,21,100,121,0.00086,0.00238,0.00094,
org.apache.tools.ant.taskdefs.Concat,16,28,44,2,15,17,19,95,114,0.00055,0.00241,0.00136,
org.apache.tools.ant.taskdefs.Move,0,7,7,4,12,16,1104,1131,2235,0.00058,0.00162,0.0022,
org.apache.tools.ant.taskdefs.Expand,7,10,17,2,14,16,474,537,1011,0.00046,0.00208,0.00284,
org.apache.tools.ant.util.SourceFileScanner,3,4,7,8,8,16,118,121,239,0.00123,0.00183,0.00146,
org.apache.tools.ant.types.XMLCatalog,9,30,39,4,12,16,62,93,155,0.00072,0.00219,0.00163,
org.apache.tools.ant.taskdefs.MacroInstance,10,9,19,1,15,16,6,137,143,0.00042,0.00226,0.00107,
org.apache.tools.zip.UnrecognizedExtraField,3,10,13,8,8,16,59,69,128,0.0015,0.00158,0.00087,
org.apache.tools.ant.taskdefs.FixCRLF,32,19,51,3,12,15,1044,1132,2176,0.00081,0.00197,0.00279,
org.apache.tools.ant.taskdefs.WaitFor$Unit,8,4,12,7,8,15,876,873,1749,0.00136,0.00142,0.00365,
org.apache.tools.ant.DefaultLogger,7,16,23,7,8,15,510,519,1029,0.00136,0.00211,0.00265,
org.apache.tools.ant.taskdefs.rmic.WLRmic,1,5,6,3,12,15,332,360,692,0.00051,0.00173,0.00213,
org.apache.tools.zip.UnixStat,7,0,7,8,7,15,62,59,121,0.0014,0.00144,0.00069,
org.apache.tools.ant.types.selectors.FileSelector,0,1,1,15,0,15,93,0,93,0.00163,0.00136,0.0006,
org.apache.tools.zip.ZipLong,1,7,8,9,6,15,55,16,71,0.00354,0.00153,0.00092,
org.apache.tools.ant.IntrospectionHelper$AttributeSetter,0,1,1,10,4,14,1500,1473,2973,0.00165,0.00208,0.00548,
org.apache.tools.ant.types.DirSet,0,3,3,9,5,14,695,668,1363,0.00184,0.00147,0.00269,
org.apache.tools.ant.taskdefs.SubAnt,11,23,34,0,14,14,0,149,149,0.00033,0.00187,0.0008,
org.apache.tools.ant.types.Mapper,5,11,16,6,8,14,65,61,126,0.00063,0.00193,0.00145,
org.apache.tools.ant.taskdefs.cvslib.ChangeLogTask,7,15,22,0,14,14,0,86,86,0.00033,0.00175,0.00058,
org.apache.tools.ant.filters.BaseParamFilterReader,1,4,5,11,3,14,33,16,49,0.00107,0.00273,0.00161,
org.apache.tools.ant.taskdefs.Copydir,6,8,14,4,9,13,1106,1121,2227,0.00057,0.00122,0.00209,
org.apache.tools.ant.BuildEvent,6,11,17,10,3,13,559,510,1069,0.0043,0.00156,0.00845,
org.apache.tools.ant.taskdefs.rmic.DefaultRmicAdapter,3,16,19,4,9,13,197,263,460,0.00074,0.00169,0.00175,
org.apache.tools.ant.taskdefs.PathConvert,10,16,26,1,12,13,10,81,91,0.00049,0.00186,0.00111,
org.apache.tools.ant.types.FilterSet,8,21,29,7,6,13,51,30,81,0.00679,0.00178,0.00163,
org.apache.tools.ant.types.selectors.ExtendSelector,4,10,14,5,8,13,19,46,65,0.00055,0.00147,0.00064,
org.apache.tools.ant.taskdefs.Chmod,3,18,21,0,13,13,0,53,53,0.00033,0.00159,0.00038,
org.apache.tools.ant.taskdefs.UpToDate,6,11,17,1,12,13,4,48,52,0.00047,0.00152,0.00044,
org.apache.tools.ant.taskdefs.compilers.CompilerAdapterFactory,2,5,7,1,12,13,3,33,36,0.00039,0.00166,0.00042,
org.apache.tools.ant.IntrospectionHelper$Creator,5,6,11,5,7,12,1490,1510,3000,0.00127,0.00135,0.00533,
org.apache.tools.ant.IntrospectionHelper$NestedCreator,0,5,5,8,4,12,1510,1470,2980,0.00155,0.00173,0.00544,
org.apache.tools.ant.taskdefs.Property,11,35,46,4,8,12,61,62,123,0.00054,0.00159,0.00077,
org.apache.tools.ant.taskdefs.Redirector,16,21,37,2,10,12,68,36,104,0.00038,0.00132,0.00068,
org.apache.tools.ant.taskdefs.email.EmailTask,23,30,53,1,11,12,3,97,100,0.00062,0.00185,0.00093,
org.apache.tools.ant.XmlLogger,18,16,34,0,12,12,0,81,81,0.00033,0.00214,0.00146,
org.apache.tools.ant.types.selectors.PresentSelector,4,7,11,5,7,12,19,27,46,0.00055,0.00149,0.00061,
org.apache.tools.ant.types.Environment$Variable,2,8,10,7,4,11,227,199,426,0.00119,0.00131,0.00239,
org.apache.tools.ant.AntTypeDefinition,7,20,27,7,4,11,113,24,137,0.00098,0.00165,0.00093,
org.apache.tools.ant.taskdefs.ExecuteJava,9,11,20,1,10,11,17,89,106,0.00035,0.00158,0.00072,
org.apache.tools.ant.types.ZipFileSet,10,19,29,4,7,11,53,42,95,0.00049,0.0015,0.00044,
org.apache.tools.ant.taskdefs.Antlib,5,8,13,1,10,11,8,63,71,0.00045,0.00136,0.00054,
org.apache.tools.ant.taskdefs.SQLExec,18,20,38,1,10,11,12,48,60,0.00067,0.00196,0.00118,
org.apache.tools.ant.types.Assertions,2,12,14,2,9,11,23,37,60,0.00045,0.00188,0.00109,
org.apache.tools.ant.types.selectors.DateSelector,10,11,21,5,6,11,19,26,45,0.00055,0.00146,0.00076,
org.apache.tools.ant.types.selectors.ContainsRegexpSelector,4,6,10,5,6,11,19,26,45,0.00055,0.00142,0.00076,
org.apache.tools.ant.types.selectors.BaseExtendSelector,1,4,5,8,3,11,24,16,40,0.00109,0.00152,0.00106,
org.apache.tools.ant.taskdefs.FixCRLF$OneLiner,8,8,16,4,6,10,1055,1047,2102,0.00117,0.0013,0.00259,
org.apache.tools.ant.taskdefs.Manifest,14,17,31,5,5,10,642,667,1309,0.00072,0.00112,0.00282,
org.apache.tools.ant.types.selectors.SelectorScanner,0,3,3,5,5,10,434,428,862,0.00162,0.00096,0.00175,
org.apache.tools.ant.taskdefs.rmic.KaffeRmic,1,3,4,3,7,10,336,351,687,0.00049,0.00121,0.00213,
org.apache.tools.ant.taskdefs.War,3,10,13,1,9,10,231,265,496,0.00038,0.0013,0.0007,
org.apache.tools.ant.taskdefs.compilers.Gcj,0,3,3,2,8,10,209,251,460,0.0004,0.00124,0.00168,
org.apache.tools.ant.taskdefs.compilers.Jvc,0,2,2,2,8,10,209,250,459,0.0004,0.00124,0.00166,
org.apache.tools.ant.helper.AntXMLContext,11,26,37,7,3,10,114,38,152,0.00122,0.0011,0.00034,
org.apache.tools.ant.listener.MailLogger,1,7,8,0,10,10,0,86,86,0.00033,0.00137,0.00081,
org.apache.tools.ant.taskdefs.Parallel,14,19,33,2,8,10,30,53,83,0.00088,0.0015,0.00153,
org.apache.tools.ant.taskdefs.Replace,13,22,35,2,8,10,21,58,79,0.00093,0.00138,0.00157,
org.apache.tools.ant.types.FileList,2,8,10,6,4,10,52,17,69,0.00078,0.00144,0.00085,
org.apache.tools.ant.types.RegularExpression,3,6,9,4,6,10,40,27,67,0.00055,0.00158,0.0014,
org.apache.tools.ant.types.selectors.SizeSelector,7,8,15,5,5,10,19,26,45,0.00055,0.00157,0.00095,
org.apache.tools.ant.taskdefs.PreSetDef,2,4,6,0,10,10,0,40,40,0.00033,0.00131,0.00039,
org.apache.tools.ant.types.selectors.ContainsSelector,7,8,15,5,5,10,19,19,38,0.00055,0.00125,0.00062,
org.apache.tools.ant.taskdefs.LogOutputStream,7,9,16,9,1,10,26,9,35,0.00119,0.00131,0.00043,
org.apache.tools.ant.filters.TokenFilter$ChainableReaderFilter,1,4,5,5,5,10,15,19,34,0.0013,0.00186,0.00122,
org.apache.tools.ant.taskdefs.Manifest$Section,4,18,22,4,5,9,651,633,1284,0.00068,0.001,0.00271,
org.apache.tools.ant.taskdefs.Untar,1,4,5,2,7,9,471,507,978,0.00043,0.00163,0.00281,
org.apache.tools.ant.taskdefs.compilers.Javac13,1,2,3,3,6,9,336,351,687,0.00046,0.00106,0.00212,
org.apache.tools.ant.types.ZipScanner,4,9,13,3,6,9,249,269,518,0.00049,0.00122,0.00176,
org.apache.tools.zip.ZipFile,9,15,24,4,5,9,35,53,88,0.00087,0.00162,0.00112,
org.apache.tools.ant.taskdefs.PreSetDef$PreSetDefinition,2,16,18,5,4,9,23,46,69,0.00073,0.00128,0.00058,
org.apache.tools.ant.taskdefs.CallTarget,4,14,18,0,9,9,0,57,57,0.00033,0.00126,0.00037,
org.apache.tools.ant.util.ClasspathUtils,2,11,13,2,7,9,10,44,54,0.00049,0.00116,0.00056,
org.apache.tools.ant.taskdefs.SignJar,14,19,33,0,9,9,0,46,46,0.00033,0.00125,0.00042,
org.apache.tools.ant.filters.TokenFilter$ContainsRegex,9,6,15,2,7,9,8,35,43,0.00041,0.00138,0.00088,
org.apache.tools.ant.types.selectors.MappingSelector,4,7,11,2,7,9,12,29,41,0.00071,0.00122,0.00071,
org.apache.tools.ant.filters.TokenFilter$ReplaceRegex,8,6,14,2,7,9,8,32,40,0.00041,0.00138,0.00088,
org.apache.tools.ant.taskdefs.Touch,5,8,13,0,9,9,0,37,37,0.00033,0.00126,0.00045,
org.apache.tools.ant.filters.LineContainsRegExp,3,8,11,1,8,9,4,32,36,0.00036,0.0016,0.00086,
org.apache.tools.ant.types.selectors.FilenameSelector,6,8,14,5,4,9,19,17,36,0.00055,0.00114,0.0006,
org.apache.tools.ant.taskdefs.Checksum,16,20,36,1,8,9,4,27,31,0.00047,0.00113,0.00035,
org.apache.tools.ant.taskdefs.FixCRLF$CrLf,0,2,2,4,4,8,1041,1034,2075,0.00074,0.00112,0.00251,
org.apache.tools.ant.taskdefs.Definer$OnError,3,3,6,4,4,8,1006,1002,2008,0.00088,0.00117,0.00291,
org.apache.tools.ant.taskdefs.XSLTProcess$Param,5,9,14,3,5,8,678,674,1352,0.00071,0.00118,0.00336,
org.apache.tools.ant.types.FlexInteger,1,3,4,4,4,8,641,641,1282,0.00142,0.00075,0.00247,
org.apache.tools.ant.filters.HeadFilter,9,10,19,2,6,8,465,484,949,0.00043,0.00127,0.00342,
org.apache.tools.ant.taskdefs.LoadProperties,3,5,8,1,7,8,308,344,652,0.00066,0.0011,0.0036,
org.apache.tools.ant.types.Environment,1,3,4,6,2,8,222,200,422,0.00094,0.00097,0.00236,
org.apache.tools.zip.ZipEntry,12,31,43,5,3,8,79,27,106,0.00078,0.00144,0.0012,
org.apache.tools.zip.ZipOutputStream,26,25,51,5,3,8,41,53,94,0.00064,0.00136,0.00083,
org.apache.tools.ant.types.AntFilterReader,3,10,13,2,6,8,14,39,53,0.00069,0.00123,0.00078,
org.apache.tools.ant.taskdefs.compilers.Jikes,0,2,2,1,7,8,2,49,51,0.00036,0.00112,0.00042,
org.apache.tools.ant.taskdefs.DefBase,2,12,14,2,6,8,6,41,47,0.00054,0.00128,0.00052,
org.apache.tools.ant.taskdefs.Patch,4,11,15,0,8,8,0,47,47,0.00033,0.00107,0.00039,
org.apache.tools.ant.taskdefs.ManifestTask,4,7,11,0,8,8,0,44,44,0.00033,0.00128,0.00054,
org.apache.tools.ant.taskdefs.JDBCTask,11,26,37,1,7,8,3,38,41,0.00039,0.00122,0.0005,
org.apache.tools.ant.types.selectors.TypeSelector,2,6,8,4,4,8,15,20,35,0.00051,0.00127,0.00077,
org.apache.tools.ant.taskdefs.DependSet,4,6,10,0,8,8,0,35,35,0.00033,0.00107,0.00042,
org.apache.tools.ant.filters.TokenFilter$DeleteCharacters,1,6,7,3,5,8,18,14,32,0.00059,0.00125,0.00109,
org.apache.tools.ant.types.selectors.DepthSelector,4,7,11,5,3,8,19,13,32,0.00055,0.00102,0.0006,
org.apache.tools.ant.types.selectors.BaseSelector,1,6,7,5,3,8,21,8,29,0.00088,0.00111,0.00066,
org.apache.tools.ant.taskdefs.FixCRLF$AddAsisRemove,0,2,2,3,4,7,1036,1035,2071,0.00071,0.00096,0.00247,
org.apache.tools.ant.taskdefs.Definer$Format,2,2,4,3,4,7,1004,1003,2007,0.00081,0.00104,0.00291,
org.apache.tools.ant.PathTokenizer,4,3,7,4,3,7,982,971,1953,0.00177,0.00083,0.00437,
org.apache.tools.ant.taskdefs.Taskdef,2,2,4,3,4,7,735,743,1478,0.00081,0.00109,0.00223,
org.apache.tools.ant.taskdefs.XSLTProcess$Factory,2,5,7,3,4,7,675,671,1346,0.00068,0.00117,0.00341,
org.apache.tools.ant.taskdefs.Manifest$Attribute,3,16,19,3,4,7,645,596,1241,0.00061,0.00075,0.0026,
org.apache.tools.ant.BuildLogger,0,4,4,5,2,7,508,487,995,0.00113,0.00111,0.00227,
org.apache.tools.ant.taskdefs.Untar$UntarCompressionMethod,3,4,7,2,5,7,482,477,959,0.00041,0.0012,0.00267,
org.apache.tools.ant.util.regexp.RegexpMatcherFactory,0,5,5,3,4,7,42,44,86,0.00052,0.00098,0.00146,
org.apache.tools.ant.util.regexp.RegexpFactory,0,4,4,2,5,7,36,48,84,0.00052,0.00108,0.00154,
org.apache.tools.ant.util.ClasspathUtils$Delegate,6,13,19,2,5,7,26,44,70,0.00047,0.00092,0.00072,
org.apache.tools.ant.util.ResourceUtils,0,2,2,2,5,7,6,42,48,0.00049,0.00089,0.00049,
org.apache.tools.ant.taskdefs.Tstamp$CustomFormat,9,9,18,1,6,7,11,33,44,0.0004,0.00119,0.00105,
org.apache.tools.ant.taskdefs.email.PlainMailer,0,3,3,2,5,7,5,39,44,0.00043,0.00103,0.00085,
org.apache.tools.ant.taskdefs.Sync,1,15,16,1,6,7,3,39,42,0.00042,0.00095,0.00059,
org.apache.tools.ant.BuildListener,0,7,7,6,1,7,37,3,40,0.00183,0.00115,0.00035,
org.apache.tools.ant.taskdefs.GenerateKey,12,14,26,0,7,7,0,37,37,0.00033,0.00142,0.00075,
org.apache.tools.ant.taskdefs.ImportTask,3,6,9,0,7,7,0,36,36,0.00033,0.001,0.00043,
org.apache.tools.ant.types.selectors.DifferentSelector,2,3,5,4,3,7,15,16,31,0.00051,0.00094,0.00047,
org.apache.tools.ant.filters.ReplaceTokens,9,13,22,1,6,7,4,26,30,0.00036,0.00158,0.00122,
org.apache.tools.ant.util.regexp.Regexp,2,1,3,6,1,7,26,3,29,0.00072,0.00128,0.0009,
org.apache.tools.ant.taskdefs.AntlibDefinition,2,5,7,5,2,7,23,5,28,0.00062,0.0011,0.00052,
org.apache.tools.ant.types.selectors.DependSelector,0,3,3,5,2,7,19,9,28,0.00055,0.0009,0.00041,
org.apache.tools.ant.input.InputHandler,0,1,1,6,1,7,24,3,27,0.00115,0.00084,0.00034,
org.apache.tools.ant.taskdefs.rmic.RmicAdapterFactory,0,3,3,1,6,7,3,18,21,0.00039,0.00111,0.00036,
org.apache.tools.ant.taskdefs.XSLTProcess$OutputProperty,2,5,7,3,3,6,671,665,1336,0.00065,0.00091,0.00332,
org.apache.tools.ant.filters.ConcatFilter,4,9,13,1,5,6,461,475,936,0.00039,0.00101,0.00333,
org.apache.tools.tar.TarEntry,19,35,54,4,2,6,52,18,70,0.00075,0.00235,0.00238,
org.apache.tools.ant.types.Permissions,6,12,18,3,3,6,38,18,56,0.00048,0.00126,0.00181,
org.apache.tools.ant.taskdefs.ExecuteWatchdog,5,9,14,3,3,6,27,20,47,0.00044,0.00092,0.00041,
org.apache.tools.ant.taskdefs.RecorderEntry,6,16,22,1,5,6,19,26,45,0.00038,0.00099,0.00065,
org.apache.tools.ant.types.XMLCatalog$ExternalResolver,7,4,11,1,5,6,2,42,44,0.00038,0.0009,0.00052,
org.apache.tools.ant.taskdefs.Recorder,6,9,15,0,6,6,0,40,40,0.00033,0.00129,0.00071,
org.apache.tools.ant.taskdefs.email.Message,5,11,16,4,2,6,34,6,40,0.00053,0.00087,0.00058,
org.apache.tools.ant.types.FilterSetCollection,1,5,6,5,1,6,26,11,37,0.00549,0.00098,0.00061,
org.apache.tools.ant.types.selectors.SelectorUtils,1,17,18,5,1,6,29,8,37,0.00098,0.00089,0.00054,
org.apache.tools.ant.types.Substitution,2,4,6,2,4,6,18,14,32,0.00043,0.00102,0.00073,
org.apache.tools.ant.taskdefs.AntStructure,10,9,19,0,6,6,0,31,31,0.00033,0.00102,0.00036,
org.apache.tools.ant.taskdefs.Tstamp,2,6,8,1,5,6,10,20,30,0.00039,0.00089,0.00068,
org.apache.tools.ant.taskdefs.LoadFile,5,7,12,0,6,6,0,29,29,0.00033,0.00099,0.0004,
org.apache.tools.ant.filters.TailFilter,10,10,20,1,5,6,4,23,27,0.00036,0.0011,0.00065,
org.apache.tools.ant.util.regexp.RegexpMatcher,4,6,10,6,0,6,27,0,27,0.00128,0.00106,0.00071,
org.apache.tools.ant.taskdefs.Concat$TextElement,5,10,15,1,5,6,12,14,26,0.00036,0.0008,0.00047,
org.apache.tools.ant.taskdefs.Exec,6,10,16,1,5,6,9,16,25,0.00072,0.00113,0.00076,
org.apache.tools.ant.taskdefs.Input,4,7,11,0,6,6,0,25,25,0.00033,0.00073,0.00033,
org.apache.tools.ant.filters.LineContains,3,8,11,1,5,6,4,20,24,0.00036,0.00148,0.00111,
org.apache.tools.ant.filters.StripLineComments,3,8,11,1,5,6,4,20,24,0.00036,0.00148,0.00111,
org.apache.tools.ant.IntrospectionHelper$10,3,2,5,1,5,6,2,22,24,0.00044,0.00096,0.00035,
org.apache.tools.ant.taskdefs.Get,8,10,18,0,6,6,0,23,23,0.00033,0.00133,0.00079,
org.apache.tools.ant.TaskAdapter,2,7,9,2,4,6,6,17,23,0.00094,0.00077,0.00036,
org.apache.tools.ant.taskdefs.Unpack,2,10,12,2,4,6,12,9,21,0.0005,0.00112,0.0008,
org.apache.tools.ant.types.Commandline$Marker,3,2,5,3,2,5,325,330,655,0.00144,0.00062,0.0029,
org.apache.tools.ant.taskdefs.rmic.DefaultRmicAdapter$RmicFileNameMapper,1,4,5,1,4,5,172,209,381,0.0004,0.00073,0.00144,
org.apache.tools.ant.types.Path$PathElement,2,4,6,3,2,5,154,146,300,0.00069,0.00073,0.00226,
org.apache.tools.mail.MailMessage,21,31,52,2,3,5,38,18,56,0.00044,0.00149,0.00189,
org.apache.tools.ant.types.resolver.ApacheCatalogResolver,2,7,9,1,4,5,11,28,39,0.00075,0.001,0.00081,
org.apache.tools.ant.taskdefs.XmlProperty,17,28,45,0,5,5,0,36,36,0.00033,0.00083,0.00043,
org.apache.tools.ant.taskdefs.WhichResource,4,8,12,0,5,5,0,35,35,0.00033,0.00084,0.00041,
org.apache.tools.ant.types.Permissions$MySM,1,5,6,1,4,5,3,30,33,0.00047,0.00138,0.0015,
org.apache.tools.bzip2.CBZip2OutputStream,41,33,74,2,3,5,7,23,30,0.00045,0.0018,0.00223,
org.apache.tools.ant.taskdefs.MacroDef$MyAntTypeDefinition,1,4,5,1,4,5,3,26,29,0.00039,0.00076,0.00043,
org.apache.tools.ant.taskdefs.Sync$MyCopy,1,5,6,1,4,5,12,16,28,0.00039,0.00068,0.00051,
org.apache.tools.ant.util.JAXPUtils,4,13,17,3,2,5,11,13,24,0.00062,0.00081,0.00043,
org.apache.tools.ant.util.LoaderUtils,1,8,9,3,2,5,15,7,22,0.00081,0.00096,0.00051,
org.apache.tools.ant.IntrospectionHelper$1,2,6,8,2,3,5,7,14,21,0.00059,0.00082,0.00032,
org.apache.tools.ant.IntrospectionHelper$2,3,6,9,1,4,5,3,17,20,0.00044,0.00083,0.00032,
org.apache.tools.ant.IntrospectionHelper$3,3,6,9,1,4,5,3,17,20,0.00044,0.00083,0.00032,
org.apache.tools.ant.loader.AntClassLoader2,3,8,11,0,5,5,0,20,20,0.00033,0.0008,0.00036,
org.apache.tools.ant.IntrospectionHelper$11,4,2,6,1,4,5,2,18,20,0.00044,0.0008,0.00033,
org.apache.tools.ant.filters.PrefixLines,3,7,10,1,4,5,4,14,18,0.00036,0.00106,0.00065,
org.apache.tools.ant.filters.StripLineBreaks,3,7,10,1,4,5,4,14,18,0.00036,0.00106,0.00065,
org.apache.tools.ant.filters.TabsToSpaces,4,7,11,1,4,5,4,14,18,0.00036,0.00106,0.00065,
org.apache.tools.ant.taskdefs.Pack,2,9,11,2,3,5,12,6,18,0.00048,0.00084,0.00057,
org.apache.tools.ant.IntrospectionHelper$6,3,2,5,1,4,5,2,16,18,0.00044,0.0008,0.00033,
org.apache.tools.ant.IntrospectionHelper$8,2,2,4,1,4,5,2,16,18,0.00044,0.0008,0.00033,
org.apache.tools.ant.taskdefs.cvslib.RedirectingStreamHandler,0,3,3,1,4,5,5,12,17,0.00035,0.00079,0.00038,
org.apache.tools.ant.filters.TokenFilter$FileTokenizer,0,3,3,2,3,5,7,9,16,0.0006,0.00079,0.00053,
org.apache.tools.ant.Diagnostics,4,17,21,1,4,5,5,10,15,0.0004,0.00114,0.00068,
org.apache.tools.ant.taskdefs.Rename,3,5,8,0,5,5,0,15,15,0.00033,0.00083,0.00037,
org.apache.tools.ant.taskdefs.Echo,4,7,11,0,5,5,0,13,13,0.00033,0.00098,0.00046,
org.apache.tools.ant.ComponentHelper$AntTypeTable,1,8,9,1,3,4,528,536,1064,0.00042,0.00064,0.00262,
org.apache.tools.ant.DemuxOutputStream,7,10,17,2,2,4,514,540,1054,0.00066,0.00108,0.00259,
org.apache.tools.ant.PropertyHelper,5,20,25,2,2,4,34,23,57,0.001,0.00059,0.00034,
org.apache.tools.zip.ExtraFieldUtils,2,8,10,1,3,4,7,39,46,0.00056,0.00088,0.00069,
org.apache.tools.ant.taskdefs.Replace$Replacefilter,4,9,13,1,3,4,19,19,38,0.00043,0.00083,0.00086,
org.apache.tools.ant.types.XMLCatalog$InternalResolver,1,3,4,1,3,4,2,32,34,0.00038,0.00068,0.00046,
org.apache.tools.ant.taskdefs.cvslib.CvsTagDiff,13,12,25,0,4,4,0,30,30,0.00033,0.00067,0.00038,
org.apache.tools.ant.taskdefs.Jikes,3,2,5,0,4,4,0,29,29,0.00033,0.00078,0.00038,
org.apache.tools.ant.taskdefs.cvslib.ChangeLogParser,14,12,26,3,1,4,18,11,29,0.00048,0.00061,0.00041,
org.apache.tools.ant.taskdefs.MacroDef$Text,4,11,15,2,2,4,21,7,28,0.00042,0.00064,0.00056,
org.apache.tools.zip.AsiExtraField,7,20,27,0,4,4,0,26,26,0.00033,0.00088,0.00054,
org.apache.tools.ant.taskdefs.MacroDef$Attribute,3,9,12,2,2,4,19,7,26,0.00042,0.00064,0.00053,
org.apache.tools.ant.taskdefs.MacroDef$NestedSequential,1,4,5,1,3,4,12,13,25,0.00039,0.00062,0.00046,
org.apache.tools.bzip2.CBZip2InputStream,45,32,77,2,2,4,5,17,22,0.00047,0.00147,0.00174,
org.apache.tools.ant.taskdefs.MacroDef$TemplateElement,3,9,12,2,2,4,14,7,21,0.00042,0.00064,0.00046,
org.apache.tools.ant.IntrospectionHelper$7,2,2,4,1,3,4,2,17,19,0.00044,0.00069,0.00031,
org.apache.tools.ant.filters.TokenFilter$Filter,0,1,1,4,0,4,18,0,18,0.00081,0.00093,0.0009,
org.apache.tools.ant.taskdefs.BuildNumber,3,6,9,0,4,4,0,18,18,0.00033,0.00072,0.00037,
org.apache.tools.ant.IntrospectionHelper$9,2,2,4,1,3,4,2,16,18,0.00044,0.00069,0.00031,
org.apache.tools.ant.util.TimeoutObserver,0,1,1,3,1,4,15,3,18,0.00055,0.00058,0.00034,
org.apache.tools.ant.taskdefs.condition.FilesMatch,3,4,7,1,3,4,4,13,17,0.00047,0.00063,0.00039,
org.apache.tools.ant.filters.ExpandProperties,1,4,5,1,3,4,4,12,16,0.00036,0.00086,0.00061,
org.apache.tools.ant.taskdefs.TempFile,4,6,10,0,4,4,0,16,16,0.00033,0.00072,0.00037,
org.apache.tools.ant.IntrospectionHelper$12,4,6,10,1,3,4,2,14,16,0.00044,0.00069,0.0003,
org.apache.tools.ant.IntrospectionHelper$4,2,6,8,1,3,4,2,14,16,0.00044,0.00069,0.0003,
org.apache.tools.ant.IntrospectionHelper$5,2,2,4,1,3,4,2,14,16,0.00044,0.00069,0.0003,
org.apache.tools.ant.types.Parameterizable,0,1,1,3,1,4,12,3,15,0.00102,0.00076,0.00053,
org.apache.tools.ant.types.ResourceFactory,0,1,1,3,1,4,12,3,15,0.00073,0.00066,0.00038,
org.apache.tools.ant.types.Assertions$BaseAssertion,2,7,9,3,1,4,12,2,14,0.00101,0.00115,0.00091,
org.apache.tools.ant.filters.EscapeUnicode,1,5,6,1,3,4,4,9,13,0.00036,0.00092,0.00054,
org.apache.tools.ant.filters.TokenFilter$ReplaceString,2,4,6,2,2,4,8,5,13,0.00041,0.00084,0.00052,
org.apache.tools.ant.filters.TokenFilter$StringTokenizer,6,8,14,1,3,4,4,9,13,0.00038,0.00052,0.00041,
org.apache.tools.ant.taskdefs.BUnzip2,1,3,4,0,4,4,0,12,12,0.00033,0.00098,0.00053,
org.apache.tools.ant.filters.TokenFilter$ContainsString,1,3,4,1,3,4,4,8,12,0.00038,0.00079,0.00052,
org.apache.tools.ant.taskdefs.Copyfile,4,6,10,0,4,4,0,12,12,0.00033,0.00072,0.00032,
org.apache.tools.ant.taskdefs.Dirname,2,4,6,0,4,4,0,9,9,0.00033,0.00072,0.00032,
org.apache.tools.ant.AntClassLoader$ResourceEnumeration,4,4,8,1,2,3,525,536,1061,0.00058,0.00052,0.00324,
org.apache.tools.ant.DemuxOutputStream$BufferInfo,2,6,8,1,2,3,529,515,1044,0.00061,0.00131,0.00271,
org.apache.tools.ant.taskdefs.ExecuteOn$FileDirBoth,0,2,2,1,2,3,356,355,711,0.00037,0.00057,0.00238,
org.apache.tools.ant.taskdefs.Javac$ImplementationSpecificArgument,1,2,3,1,2,3,332,336,668,0.00039,0.00043,0.0021,
org.apache.tools.ant.taskdefs.Rmic$ImplementationSpecificArgument,1,2,3,1,2,3,269,273,542,0.00039,0.00044,0.00191,
org.apache.tools.ant.util.FlatFileNameMapper,0,4,4,2,1,3,62,63,125,0.00612,0.00051,0.00184,
org.apache.tools.ant.taskdefs.FixCRLF$OneLiner$BufferLine,6,19,25,2,1,3,48,11,59,0.00056,0.00061,0.00036,
org.apache.tools.tar.TarOutputStream,12,15,27,1,2,3,18,31,49,0.00038,0.00116,0.00114,
org.apache.tools.tar.TarInputStream,9,16,25,1,2,3,7,31,38,0.00039,0.00123,0.00115,
org.apache.tools.ant.taskdefs.Parallel$TaskRunnable,4,3,7,1,2,3,11,23,34,0.00043,0.00056,0.00067,
org.apache.tools.ant.types.PropertySet$PropertyRef,5,11,16,1,2,3,26,6,32,0.00038,0.00075,0.00072,
org.apache.tools.ant.taskdefs.cvslib.ChangeLogWriter,2,4,6,1,2,3,5,22,27,0.00035,0.00048,0.00032,
org.apache.tools.ant.taskdefs.Replace$NestedString,2,3,5,2,1,3,16,7,23,0.00055,0.00067,0.00068,
org.apache.tools.ant.taskdefs.PathConvert$MapEntry,3,4,7,1,2,3,11,12,23,0.00037,0.00053,0.00049,
org.apache.tools.ant.taskdefs.Concat$MultiReader,6,8,14,1,2,3,2,20,22,0.00036,0.00105,0.00075,
org.apache.tools.ant.FileScanner,0,14,14,3,0,3,22,0,22,0.00061,0.00059,0.00033,
org.apache.tools.ant.taskdefs.JikesOutputParser,7,12,19,1,2,3,7,14,21,0.0004,0.00061,0.00042,
org.apache.tools.ant.types.selectors.modifiedselector.Algorithm,0,2,2,3,0,3,19,0,19,0.00057,0.00066,0.00067,
org.apache.tools.ant.types.XMLCatalog$CatalogResolver,0,2,2,3,0,3,17,0,17,0.00056,0.00077,0.00048,
org.apache.tools.ant.taskdefs.Parallel$TaskList,1,3,4,1,2,3,10,7,17,0.00043,0.0006,0.0005,
org.apache.tools.ant.types.Mapper$MapperType,1,3,4,2,1,3,12,3,15,0.00045,0.0007,0.00045,
org.apache.tools.ant.filters.TokenFilter$1,1,2,3,1,2,3,2,13,15,0.00043,0.00063,0.00063,
org.apache.tools.ant.taskdefs.MacroInstance$Element,1,3,4,1,2,3,8,7,15,0.00036,0.00056,0.00036,
org.apache.tools.ant.DynamicConfigurator,0,2,2,3,0,3,14,0,14,0.00067,0.00079,0.00047,
org.apache.tools.ant.taskdefs.DefaultExcludes,5,6,11,0,3,3,0,14,14,0.00033,0.00061,0.00034,
org.apache.tools.ant.taskdefs.cvslib.CvsVersion,6,7,13,1,2,3,7,6,13,0.00035,0.00062,0.00034,
org.apache.tools.ant.types.PropertySet$BuiltinPropertySetName,3,2,5,2,1,3,8,3,11,0.00055,0.00079,0.00047,
org.apache.tools.ant.filters.TokenFilter$IgnoreBlank,0,2,2,2,1,3,8,3,11,0.00041,0.00073,0.0005,
org.apache.tools.ant.filters.TokenFilter$Trim,0,2,2,2,1,3,8,3,11,0.00041,0.00073,0.0005,
org.apache.tools.ant.filters.ClassConstants,3,5,8,1,2,3,4,6,10,0.00036,0.00076,0.00049,
org.apache.tools.ant.filters.StripJavaComments,3,4,7,1,2,3,4,6,10,0.00036,0.00076,0.00049,
org.apache.tools.ant.taskdefs.Exit,3,8,11,0,3,3,0,10,10,0.00033,0.00061,0.00032,
org.apache.tools.ant.taskdefs.XSLTProcess$Factory$Attribute,2,5,7,1,2,3,4,5,9,0.00048,0.00087,0.00039,
org.apache.tools.ant.taskdefs.XSLTLiaison2,0,1,1,1,2,3,3,6,9,0.00038,0.0008,0.00035,
org.apache.tools.ant.taskdefs.Typedef,0,1,1,2,1,3,6,3,9,0.00059,0.00079,0.0003,
org.apache.tools.ant.taskdefs.GUnzip,1,3,4,0,3,3,0,9,9,0.00033,0.00067,0.00045,
org.apache.tools.ant.taskdefs.GZip,0,2,2,0,3,3,0,9,9,0.00033,0.00065,0.00043,
org.apache.tools.ant.util.DateUtils,10,11,21,3,0,3,9,0,9,0.00056,0.00058,0.00032,
org.apache.tools.ant.util.WeakishReference,4,5,9,1,2,3,3,5,8,0.00062,0.00101,0.00066,
org.apache.tools.ant.taskdefs.CVSPass,4,6,10,0,3,3,0,8,8,0.00033,0.00056,0.00032,
org.apache.tools.ant.types.selectors.modifiedselector.DigestAlgorithm,4,7,11,1,2,3,2,5,7,0.00037,0.00071,0.00041,
org.apache.tools.ant.taskdefs.Deltree,1,4,5,0,3,3,0,6,6,0.00033,0.00062,0.00032,
org.apache.tools.ant.taskdefs.Mkdir,2,4,6,0,3,3,0,6,6,0.00033,0.00062,0.00032,
org.apache.tools.tar.TarBuffer,11,21,32,2,0,2,30,0,30,0.00066,0.00096,0.00108,
org.apache.tools.ant.taskdefs.SQLExec$Transaction,3,5,8,1,1,2,16,12,28,0.00039,0.00046,0.0007,
org.apache.tools.ant.XmlLogger$TimedElement,2,6,8,1,1,2,21,4,25,0.00036,0.00107,0.00108,
org.apache.tools.bzip2.CRC,2,7,9,2,0,2,22,0,22,0.00066,0.00091,0.00195,
org.apache.tools.ant.types.Permissions$Permission,4,10,14,2,0,2,19,0,19,0.00057,0.0008,0.00109,
org.apache.tools.ant.taskdefs.GenerateKey$DistinguishedName,1,5,6,1,1,2,8,10,18,0.00037,0.00111,0.00139,
org.apache.tools.ant.taskdefs.XSLTLiaison,1,3,4,2,0,2,18,0,18,0.00054,0.0008,0.00047,
org.apache.tools.ant.taskdefs.Parallel$1,1,2,3,1,1,2,2,16,18,0.00043,0.00045,0.00048,
org.apache.tools.ant.types.resolver.ApacheCatalog,1,4,5,1,1,2,6,11,17,0.00049,0.0005,0.00052,
org.apache.tools.ant.types.FilterSet$Filter,2,6,8,2,0,2,16,0,16,0.00182,0.00053,0.00063,
org.apache.tools.zip.ZipFile$BoundedInputStream,4,4,8,1,1,2,5,10,15,0.00048,0.00046,0.00043,
org.apache.tools.ant.types.FilterSet$FiltersFile,1,2,3,1,1,2,5,9,14,0.0013,0.00043,0.00052,
org.apache.tools.ant.taskdefs.Tstamp$Unit,10,4,14,1,1,2,10,3,13,0.00039,0.00062,0.00053,
org.apache.tools.bzip2.BZip2Constants,11,1,12,2,0,2,12,0,12,0.00066,0.00091,0.00119,
org.apache.tools.ant.taskdefs.ManifestTask$Mode,0,2,2,1,1,2,9,3,12,0.00037,0.00059,0.00039,
org.apache.tools.ant.types.selectors.modifiedselector.ModifiedSelector$AlgorithmName,0,2,2,1,1,2,9,3,12,0.00037,0.00058,0.00044,
org.apache.tools.ant.types.selectors.modifiedselector.ModifiedSelector$CacheName,0,2,2,1,1,2,9,3,12,0.00037,0.00058,0.00044,
org.apache.tools.ant.types.selectors.modifiedselector.ModifiedSelector$ComparatorName,0,2,2,1,1,2,9,3,12,0.00037,0.00058,0.00044,
org.apache.tools.ant.taskdefs.Exec$StreamPumper,5,3,8,1,1,2,3,9,12,0.00046,0.00048,0.00052,
org.apache.tools.bzip2.CBZip2OutputStream$StackElem,3,2,5,1,1,2,6,4,10,0.00046,0.00132,0.00165,
org.apache.tools.ant.taskdefs.Javadoc$1,1,2,3,1,1,2,3,7,10,0.00038,0.0004,0.00029,
org.apache.tools.ant.taskdefs.Get$Base64Converter,1,4,5,1,1,2,5,4,9,0.00038,0.00113,0.00131,
org.apache.tools.ant.types.selectors.TypeSelector$FileType,2,2,4,1,1,2,6,3,9,0.00044,0.00059,0.00044,
org.apache.tools.ant.types.selectors.SizeSelector$ByteUnits,0,2,2,1,1,2,6,3,9,0.00043,0.00058,0.00044,
org.apache.tools.ant.types.selectors.SizeSelector$SizeComparisons,0,2,2,1,1,2,6,3,9,0.00043,0.00058,0.00044,
org.apache.tools.ant.taskdefs.PathConvert$TargetOs,0,2,2,1,1,2,6,3,9,0.00037,0.00058,0.00036,
org.apache.tools.ant.types.selectors.DateSelector$TimeComparisons,0,2,2,1,1,2,6,3,9,0.00041,0.00056,0.00041,
org.apache.tools.ant.taskdefs.Definer$1,3,3,6,1,1,2,2,7,9,0.00045,0.00044,0.0003,
org.apache.tools.ant.taskdefs.Execute$1,0,0,0,2,0,2,8,0,8,0.00049,0.00054,0.00029,
org.apache.tools.ant.types.Assertions$DisabledAssertion,0,2,2,1,1,2,4,3,7,0.00038,0.00069,0.00048,
org.apache.tools.ant.types.Assertions$EnabledAssertion,0,2,2,1,1,2,4,3,7,0.00038,0.00069,0.00048,
org.apache.tools.ant.taskdefs.Recorder$ActionChoices,1,3,4,1,1,2,4,3,7,0.00038,0.00063,0.00036,
org.apache.tools.ant.taskdefs.Recorder$VerbosityLevelChoices,1,3,4,1,1,2,4,3,7,0.00038,0.00063,0.00036,
org.apache.tools.ant.taskdefs.Echo$EchoLevel,0,2,2,1,1,2,4,3,7,0.00039,0.00062,0.00042,
org.apache.tools.ant.taskdefs.SQLExec$DelimiterType,2,2,4,1,1,2,4,3,7,0.00039,0.00062,0.00037,
org.apache.tools.ant.taskdefs.SQLExec$OnError,0,2,2,1,1,2,4,3,7,0.00039,0.00062,0.00037,
org.apache.tools.ant.taskdefs.email.EmailTask$Encoding,0,2,2,1,1,2,4,3,7,0.00038,0.00058,0.00033,
org.apache.tools.ant.types.selectors.PresentSelector$FilePresence,0,2,2,1,1,2,4,3,7,0.0004,0.00056,0.00035,
org.apache.tools.ant.taskdefs.XSLTLogger,0,1,1,2,0,2,6,0,6,0.0007,0.0008,0.00067,
org.apache.tools.ant.taskdefs.XSLTLoggerAware,0,1,1,1,1,2,3,3,6,0.00038,0.0008,0.00058,
org.apache.tools.ant.taskdefs.Sleep,5,10,15,0,2,2,0,5,5,0.00033,0.00051,0.00032,
org.apache.tools.ant.types.selectors.modifiedselector.PropertiesfileCache,4,12,16,1,1,2,2,3,5,0.00037,0.00046,0.00032,
org.apache.tools.tar.TarUtils,0,8,8,1,0,1,15,0,15,0.00065,0.00062,0.00099,
org.apache.tools.ant.taskdefs.GenerateKey$DnameParam,2,5,7,1,0,1,10,0,10,0.00065,0.00076,0.00113,
org.apache.tools.mail.SmtpResponseReader,2,5,7,1,0,1,9,0,9,0.00046,0.00054,0.00069,
org.apache.tools.ant.taskdefs.TaskOutputStream,3,3,6,0,1,1,0,9,9,0.00033,0.0004,0.00033,
org.apache.tools.ant.filters.ReplaceTokens$Token,2,5,7,1,0,1,8,0,8,0.00038,0.00048,0.00058,
org.apache.tools.mail.MailPrintStream,1,5,6,1,0,1,7,0,7,0.00046,0.00054,0.0006,
org.apache.tools.ant.filters.LineContains$Contains,1,3,4,1,0,1,6,0,6,0.0004,0.0005,0.00055,
org.apache.tools.ant.filters.StripLineComments$Comment,1,3,4,1,0,1,6,0,6,0.0004,0.0005,0.00055,
org.apache.tools.ant.util.ScriptRunner,3,9,12,0,1,1,0,6,6,0.00033,0.0004,0.00036,
org.apache.tools.ant.util.PackageNameMapper,0,2,2,0,1,1,0,6,6,0.00033,0.00033,0.00029,
org.apache.tools.ant.util.UnPackageNameMapper,0,2,2,0,1,1,0,6,6,0.00033,0.00033,0.00029,
org.apache.tools.ant.util.DOMElementWriter,2,8,10,1,0,1,5,0,5,0.00036,0.00044,0.00037,
org.apache.tools.bzip2.CBZip2OutputStream$1,0,0,0,1,0,1,4,0,4,0.00073,0.00085,0.00109,
org.apache.tools.ant.DemuxOutputStream$1,0,0,0,1,0,1,4,0,4,0.00059,0.00085,0.0003,
org.apache.tools.ant.taskdefs.Get$1,0,0,0,1,0,1,4,0,4,0.00066,0.00077,0.00103,
org.apache.tools.ant.XmlLogger$1,0,0,0,1,0,1,4,0,4,0.00064,0.00074,0.00055,
org.apache.tools.ant.taskdefs.Concat$1,0,0,0,1,0,1,4,0,4,0.00049,0.00073,0.00041,
org.apache.tools.ant.types.Permissions$1,0,0,0,1,0,1,4,0,4,0.00043,0.00058,0.00045,
org.apache.tools.tar.TarConstants,24,0,24,1,0,1,3,0,3,0.00065,0.00062,0.00043,
org.apache.tools.ant.util.WeakishReference$HardReference,1,2,3,0,1,1,0,3,3,0.00033,0.00057,0.00038,
org.apache.tools.ant.taskdefs.SendEmail,0,2,2,0,1,1,0,3,3,0.00033,0.00042,0.0003,
org.apache.tools.ant.listener.AnsiColorLogger,16,3,19,0,1,1,0,3,3,0.00033,0.00042,0.00029,
org.apache.tools.ant.taskdefs.Transform,0,1,1,0,1,1,0,3,3,0.00033,0.00041,0.00029,
org.apache.tools.ant.taskdefs.Cvs,0,1,1,0,1,1,0,3,3,0.00033,0.00041,0.0003,
org.apache.tools.ant.taskdefs.StreamPumper,5,5,10,1,0,1,3,0,3,0.00051,0.0004,0.00029,
org.apache.tools.ant.taskdefs.KeySubst,4,8,12,0,1,1,0,3,3,0.00033,0.0004,0.0003,
org.apache.tools.ant.Diagnostics$1,0,2,2,1,0,1,2,0,2,0.00042,0.00053,0.00038,
org.apache.tools.ant.MagicNames,2,1,3,0,0,0,0,0,0,0.00033,0.00029,0.00029,
org.apache.tools.ant.filters.StringInputStream,4,9,13,0,0,0,0,0,0,0.00033,0.00029,0.00029,
org.apache.tools.ant.filters.util.JavaClassHelper,1,3,4,0,0,0,0,0,0,0.00033,0.00029,0.00029,
org.apache.tools.ant.util.LazyHashtable,1,9,10,0,0,0,0,0,0,0.00033,0.00029,0.00029,
org.apache.tools.ant.util.regexp.RegexpUtil,0,3,3,0,0,0,0,0,0,0.00033,0.00029,0.00029,
