Classname,NoF,NoM,SIZE,CONN_IN,CONN_OUT,CONN_TOTAL,CONN_IN_W,CONN_OUT_W,CONN_TOTAL_W,PR,PR_U,PR_U2_W,
org.apache.tools.ant.DemuxInputStream,1,3,4,77,77,154,77,77,154,0.00394,0.00394,0.00394,
org.apache.tools.ant.ExitException,1,3,4,77,77,154,77,77,154,0.00394,0.00394,0.00394,
org.apache.tools.ant.NoBannerLogger,1,4,5,77,77,154,77,77,154,0.00394,0.00394,0.00394,
org.apache.tools.ant.ProjectComponent,1,5,6,77,77,154,77,77,154,0.00394,0.00394,0.00394,
org.apache.tools.ant.RuntimeConfigurable,11,21,32,77,77,154,77,77,154,0.00394,0.00394,0.00394,
org.apache.tools.ant.TaskContainer,0,1,1,77,77,154,77,77,154,0.00394,0.00394,0.00394,
org.apache.tools.ant.TypeAdapter,0,5,5,77,77,154,77,77,154,0.00394,0.00394,0.00394,
org.apache.tools.ant.UnknownElement,6,28,34,77,77,154,77,77,154,0.00394,0.00394,0.00394,
org.apache.tools.ant.input.DefaultInputHandler,0,4,4,77,77,154,77,77,154,0.00394,0.00394,0.00394,
org.apache.tools.ant.input.InputRequest,2,5,7,77,77,154,77,77,154,0.00394,0.00394,0.00394,
org.apache.tools.ant.input.MultipleChoiceInputRequest,1,3,4,77,77,154,77,77,154,0.00394,0.00394,0.00394,
org.apache.tools.ant.input.PropertyFileInputHandler,2,3,5,77,77,154,77,77,154,0.00394,0.00394,0.00394,
org.apache.tools.ant.taskdefs.BZip2,0,2,2,77,77,154,77,77,154,0.00394,0.00394,0.00394,
org.apache.tools.ant.taskdefs.Basename,3,5,8,77,77,154,77,77,154,0.00394,0.00394,0.00394,
org.apache.tools.ant.taskdefs.Delete,9,41,50,77,77,154,77,77,154,0.00394,0.00394,0.00394,
org.apache.tools.ant.taskdefs.ExecuteStreamHandler,0,5,5,77,77,154,77,77,154,0.00394,0.00394,0.00394,
org.apache.tools.ant.taskdefs.Filter,3,6,9,77,77,154,77,77,154,0.00394,0.00394,0.00394,
org.apache.tools.ant.taskdefs.LogStreamHandler,0,2,2,77,77,154,77,77,154,0.00394,0.00394,0.00394,
org.apache.tools.ant.taskdefs.ManifestException,0,1,1,77,77,154,77,77,154,0.00394,0.00394,0.00394,
org.apache.tools.ant.taskdefs.ProcessDestroyer,7,8,15,77,77,154,77,77,154,0.00394,0.00394,0.00394,
org.apache.tools.ant.taskdefs.ProcessDestroyer$ProcessDestroyerImpl,2,3,5,77,77,154,77,77,154,0.00394,0.00394,0.00394,
org.apache.tools.ant.taskdefs.Sequential,1,3,4,77,77,154,77,77,154,0.00394,0.00394,0.00394,
org.apache.tools.ant.taskdefs.compilers.JavacExternal,0,2,2,77,77,154,77,77,154,0.00394,0.00394,0.00394,
org.apache.tools.ant.taskdefs.compilers.Sj,0,2,2,77,77,154,77,77,154,0.00394,0.00394,0.00394,
org.apache.tools.ant.taskdefs.condition.And,0,2,2,77,77,154,77,77,154,0.00394,0.00394,0.00394,
org.apache.tools.ant.taskdefs.condition.Condition,0,1,1,77,77,154,77,77,154,0.00394,0.00394,0.00394,
org.apache.tools.ant.taskdefs.condition.Contains,3,5,8,77,77,154,77,77,154,0.00394,0.00394,0.00394,
org.apache.tools.ant.taskdefs.condition.Equals,4,6,10,77,77,154,77,77,154,0.00394,0.00394,0.00394,
org.apache.tools.ant.taskdefs.condition.Http,2,4,6,77,77,154,77,77,154,0.00394,0.00394,0.00394,
org.apache.tools.ant.taskdefs.condition.IsFalse,1,3,4,77,77,154,77,77,154,0.00394,0.00394,0.00394,
org.apache.tools.ant.taskdefs.condition.IsReference,2,4,6,77,77,154,77,77,154,0.00394,0.00394,0.00394,
org.apache.tools.ant.taskdefs.condition.IsSet,1,3,4,77,77,154,77,77,154,0.00394,0.00394,0.00394,
org.apache.tools.ant.taskdefs.condition.IsTrue,1,3,4,77,77,154,77,77,154,0.00394,0.00394,0.00394,
org.apache.tools.ant.taskdefs.condition.Not,0,2,2,77,77,154,77,77,154,0.00394,0.00394,0.00394,
org.apache.tools.ant.taskdefs.condition.Or,0,2,2,77,77,154,77,77,154,0.00394,0.00394,0.00394,
org.apache.tools.ant.taskdefs.condition.Os,8,13,21,77,77,154,77,77,154,0.00394,0.00394,0.00394,
org.apache.tools.ant.taskdefs.condition.Socket,2,4,6,77,77,154,77,77,154,0.00394,0.00394,0.00394,
org.apache.tools.ant.taskdefs.cvslib.CVSEntry,4,9,13,77,77,154,77,77,154,0.00394,0.00394,0.00394,
org.apache.tools.ant.taskdefs.cvslib.CvsTagEntry,3,7,10,77,77,154,77,77,154,0.00394,0.00394,0.00394,
org.apache.tools.ant.taskdefs.cvslib.CvsUser,2,6,8,77,77,154,77,77,154,0.00394,0.00394,0.00394,
org.apache.tools.ant.taskdefs.cvslib.RCSFile,3,5,8,77,77,154,77,77,154,0.00394,0.00394,0.00394,
org.apache.tools.ant.taskdefs.cvslib.RedirectingOutputStream,1,2,3,77,77,154,77,77,154,0.00394,0.00394,0.00394,
org.apache.tools.ant.taskdefs.email.EmailAddress,2,8,10,77,77,154,77,77,154,0.00394,0.00394,0.00394,
org.apache.tools.ant.taskdefs.email.Mailer,15,18,33,77,77,154,77,77,154,0.00394,0.00394,0.00394,
org.apache.tools.ant.taskdefs.email.UUMailer,0,2,2,77,77,154,77,77,154,0.00394,0.00394,0.00394,
org.apache.tools.ant.types.DTDLocation,0,1,1,77,77,154,77,77,154,0.00394,0.00394,0.00394,
org.apache.tools.ant.types.Description,0,5,5,77,77,154,77,77,154,0.00394,0.00394,0.00394,
org.apache.tools.ant.types.Resource,4,14,18,77,77,154,77,77,154,0.00394,0.00394,0.00394,
org.apache.tools.ant.types.ResourceLocation,4,7,11,77,77,154,77,77,154,0.00394,0.00394,0.00394,
org.apache.tools.ant.types.selectors.AndSelector,0,3,3,77,77,154,77,77,154,0.00394,0.00394,0.00394,
org.apache.tools.ant.types.selectors.ExtendFileSelector,0,0,0,77,77,154,77,77,154,0.00394,0.00394,0.00394,
org.apache.tools.ant.types.selectors.MajoritySelector,1,4,5,77,77,154,77,77,154,0.00394,0.00394,0.00394,
org.apache.tools.ant.types.selectors.NoneSelector,0,3,3,77,77,154,77,77,154,0.00394,0.00394,0.00394,
org.apache.tools.ant.types.selectors.NotSelector,0,3,3,77,77,154,77,77,154,0.00394,0.00394,0.00394,
org.apache.tools.ant.types.selectors.OrSelector,0,3,3,77,77,154,77,77,154,0.00394,0.00394,0.00394,
org.apache.tools.ant.types.selectors.SelectSelector,2,13,15,77,77,154,77,77,154,0.00394,0.00394,0.00394,
org.apache.tools.ant.types.selectors.SelectorContainer,0,24,24,77,77,154,77,77,154,0.00394,0.00394,0.00394,
org.apache.tools.ant.types.selectors.modifiedselector.Cache,0,7,7,77,77,154,77,77,154,0.00394,0.00394,0.00394,
org.apache.tools.ant.types.selectors.modifiedselector.EqualComparator,0,3,3,77,77,154,77,77,154,0.00394,0.00394,0.00394,
org.apache.tools.ant.types.selectors.modifiedselector.HashvalueAlgorithm,0,4,4,77,77,154,77,77,154,0.00394,0.00394,0.00394,
org.apache.tools.ant.util.CollectionUtils,0,4,4,77,77,154,77,77,154,0.00394,0.00394,0.00394,
org.apache.tools.ant.util.CollectionUtils$EmptyEnumeration,0,3,3,77,77,154,77,77,154,0.00394,0.00394,0.00394,
org.apache.tools.ant.util.GlobPatternMapper,6,5,11,77,77,154,77,77,154,0.00394,0.00394,0.00394,
org.apache.tools.ant.util.IdentityMapper,0,4,4,77,77,154,77,77,154,0.00394,0.00394,0.00394,
org.apache.tools.ant.util.KeepAliveInputStream,0,2,2,77,77,154,77,77,154,0.00394,0.00394,0.00394,
org.apache.tools.ant.util.KeepAliveOutputStream,0,2,2,77,77,154,77,77,154,0.00394,0.00394,0.00394,
org.apache.tools.ant.util.LazyFileOutputStream,5,10,15,77,77,154,77,77,154,0.00394,0.00394,0.00394,
org.apache.tools.ant.util.LineTokenizer,3,4,7,77,77,154,77,77,154,0.00394,0.00394,0.00394,
org.apache.tools.ant.util.MergingMapper,1,4,5,77,77,154,77,77,154,0.00394,0.00394,0.00394,
org.apache.tools.ant.util.RegexpPatternMapper,3,5,8,77,77,154,77,77,154,0.00394,0.00394,0.00394,
org.apache.tools.ant.util.StringUtils,1,6,7,77,77,154,77,77,154,0.00394,0.00394,0.00394,
org.apache.tools.ant.util.TaskLogger,1,6,7,77,77,154,77,77,154,0.00394,0.00394,0.00394,
org.apache.tools.ant.util.TeeOutputStream,2,6,8,77,77,154,77,77,154,0.00394,0.00394,0.00394,
org.apache.tools.ant.util.Tokenizer,0,2,2,77,77,154,77,77,154,0.00394,0.00394,0.00394,
org.apache.tools.ant.util.Watchdog,3,7,10,77,77,154,77,77,154,0.00394,0.00394,0.00394,
org.apache.tools.ant.util.facade.FacadeTaskHelper,4,9,13,77,77,154,77,77,154,0.00394,0.00394,0.00394,
org.apache.tools.ant.util.facade.ImplementationSpecificArgument,1,3,4,77,77,154,77,77,154,0.00394,0.00394,0.00394,
org.apache.tools.mail.ErrorInQuitException,0,1,1,77,77,154,77,77,154,0.00394,0.00394,0.00394,
org.apache.tools.ant.helper.ProjectHelperImpl,7,14,21,18,18,36,18,18,36,0.00456,0.00456,0.00456,
org.apache.tools.ant.helper.ProjectHelperImpl$AbstractHandler,2,4,6,18,18,36,18,18,36,0.00456,0.00456,0.00456,
org.apache.tools.ant.helper.ProjectHelperImpl$DataTypeHandler,3,4,7,18,18,36,18,18,36,0.00456,0.00456,0.00456,
org.apache.tools.ant.helper.ProjectHelperImpl$DescriptionHandler,0,2,2,18,18,36,18,18,36,0.00456,0.00456,0.00456,
org.apache.tools.ant.helper.ProjectHelperImpl$NestedElementHandler,5,4,9,18,18,36,18,18,36,0.00456,0.00456,0.00456,
org.apache.tools.ant.helper.ProjectHelperImpl$ProjectHandler,0,4,4,18,18,36,18,18,36,0.00456,0.00456,0.00456,
org.apache.tools.ant.helper.ProjectHelperImpl$RootHandler,1,4,5,18,18,36,18,18,36,0.00456,0.00456,0.00456,
org.apache.tools.ant.helper.ProjectHelperImpl$TargetHandler,1,3,4,18,18,36,18,18,36,0.00456,0.00456,0.00456,
org.apache.tools.ant.helper.ProjectHelperImpl$TaskHandler,5,4,9,18,18,36,18,18,36,0.00456,0.00456,0.00456,
org.apache.tools.ant.helper.ProjectHelper2,5,9,14,17,17,34,17,17,34,0.00428,0.00428,0.00428,
org.apache.tools.ant.helper.ProjectHelper2$AntHandler,0,7,7,17,17,34,17,17,34,0.00428,0.00428,0.00428,
org.apache.tools.ant.helper.ProjectHelper2$ElementHandler,0,5,5,17,17,34,17,17,34,0.00428,0.00428,0.00428,
org.apache.tools.ant.helper.ProjectHelper2$MainHandler,0,2,2,17,17,34,17,17,34,0.00428,0.00428,0.00428,
org.apache.tools.ant.helper.ProjectHelper2$ProjectHandler,0,3,3,17,17,34,17,17,34,0.00428,0.00428,0.00428,
org.apache.tools.ant.helper.ProjectHelper2$RootHandler,3,10,13,17,17,34,17,17,34,0.00428,0.00428,0.00428,
org.apache.tools.ant.helper.ProjectHelper2$TargetHandler,0,4,4,17,17,34,17,17,34,0.00428,0.00428,0.00428,
org.apache.tools.ant.Project,34,100,134,16,16,32,16,16,32,0.00503,0.00503,0.00503,
org.apache.tools.ant.Project$AntRefTable,1,3,4,16,16,32,16,16,32,0.00503,0.00503,0.00503,
org.apache.tools.ant.ProjectHelper,6,18,24,16,16,32,16,16,32,0.00403,0.00403,0.00403,
org.apache.tools.ant.taskdefs.Javadoc,33,85,118,11,11,22,11,11,22,0.00394,0.00394,0.00394,
org.apache.tools.ant.taskdefs.Javadoc$AccessType,0,2,2,11,11,22,11,11,22,0.00394,0.00394,0.00394,
org.apache.tools.ant.taskdefs.Javadoc$DocletInfo,2,3,5,11,11,22,11,11,22,0.00394,0.00394,0.00394,
org.apache.tools.ant.taskdefs.Javadoc$DocletParam,3,5,8,11,11,22,11,11,22,0.00394,0.00394,0.00394,
org.apache.tools.ant.taskdefs.Javadoc$ExtensionInfo,2,7,9,11,11,22,11,11,22,0.00394,0.00394,0.00394,
org.apache.tools.ant.taskdefs.Javadoc$GroupArgument,3,7,10,11,11,22,11,11,22,0.00394,0.00394,0.00394,
org.apache.tools.ant.taskdefs.Javadoc$Html,1,3,4,11,11,22,11,11,22,0.00394,0.00394,0.00394,
org.apache.tools.ant.taskdefs.Javadoc$JavadocOutputStream,2,3,5,11,11,22,11,11,22,0.00394,0.00394,0.00394,
org.apache.tools.ant.taskdefs.Javadoc$LinkArgument,4,7,11,11,11,22,11,11,22,0.00394,0.00394,0.00394,
org.apache.tools.ant.taskdefs.Javadoc$PackageName,1,4,5,11,11,22,11,11,22,0.00394,0.00394,0.00394,
org.apache.tools.ant.taskdefs.Javadoc$SourceFile,1,4,5,11,11,22,11,11,22,0.00394,0.00394,0.00394,
org.apache.tools.ant.taskdefs.Javadoc$TagArgument,5,6,11,11,11,22,11,11,22,0.00394,0.00394,0.00394,
org.apache.tools.ant.taskdefs.Execute,19,30,49,10,10,20,10,10,20,0.00394,0.00394,0.00394,
org.apache.tools.ant.taskdefs.Execute$CommandLauncher,0,4,4,10,10,20,10,10,20,0.00394,0.00394,0.00394,
org.apache.tools.ant.taskdefs.Execute$CommandLauncherProxy,1,2,3,10,10,20,10,10,20,0.00394,0.00394,0.00394,
org.apache.tools.ant.taskdefs.Execute$Java11CommandLauncher,0,3,3,10,10,20,10,10,20,0.00394,0.00394,0.00394,
org.apache.tools.ant.taskdefs.Execute$Java13CommandLauncher,1,2,3,10,10,20,10,10,20,0.00394,0.00394,0.00394,
org.apache.tools.ant.taskdefs.Execute$MacCommandLauncher,0,2,2,10,10,20,10,10,20,0.00394,0.00394,0.00394,
org.apache.tools.ant.taskdefs.Execute$OS2CommandLauncher,0,2,2,10,10,20,10,10,20,0.00394,0.00394,0.00394,
org.apache.tools.ant.taskdefs.Execute$PerlScriptCommandLauncher,1,2,3,10,10,20,10,10,20,0.00394,0.00394,0.00394,
org.apache.tools.ant.taskdefs.Execute$ScriptCommandLauncher,1,2,3,10,10,20,10,10,20,0.00394,0.00394,0.00394,
org.apache.tools.ant.taskdefs.Execute$VmsCommandLauncher,0,4,4,10,10,20,10,10,20,0.00394,0.00394,0.00394,
org.apache.tools.ant.taskdefs.Execute$WinNTCommandLauncher,0,2,2,10,10,20,10,10,20,0.00394,0.00394,0.00394,
org.apache.tools.ant.taskdefs.Jar,14,23,37,9,9,18,9,9,18,0.00394,0.00394,0.00394,
org.apache.tools.ant.taskdefs.Jar$FilesetManifestConfig,0,2,2,9,9,18,9,9,18,0.00394,0.00394,0.00394,
org.apache.tools.ant.taskdefs.Tar,12,12,24,9,9,18,9,9,18,0.00394,0.00394,0.00394,
org.apache.tools.ant.taskdefs.Tar$TarCompressionMethod,3,4,7,9,9,18,9,9,18,0.00394,0.00394,0.00394,
org.apache.tools.ant.taskdefs.Tar$TarFileSet,8,17,25,9,9,18,9,9,18,0.00394,0.00394,0.00394,
org.apache.tools.ant.taskdefs.Tar$TarLongFileMode,6,7,13,9,9,18,9,9,18,0.00394,0.00394,0.00394,
org.apache.tools.ant.taskdefs.Zip,23,38,61,9,9,18,9,9,18,0.00394,0.00394,0.00394,
org.apache.tools.ant.taskdefs.Zip$ArchiveState,2,3,5,9,9,18,9,9,18,0.00394,0.00394,0.00394,
org.apache.tools.ant.taskdefs.Zip$Duplicate,0,2,2,9,9,18,9,9,18,0.00394,0.00394,0.00394,
org.apache.tools.ant.taskdefs.Zip$WhenEmpty,0,2,2,9,9,18,9,9,18,0.00394,0.00394,0.00394,
org.apache.tools.ant.types.CommandlineJava,9,35,44,8,8,16,8,8,16,0.00331,0.00331,0.00331,
org.apache.tools.ant.types.CommandlineJava$SysProperties,2,9,11,8,8,16,8,8,16,0.00331,0.00331,0.00331,
org.apache.tools.ant.taskdefs.Available,11,20,31,8,8,16,8,8,16,0.00331,0.00331,0.00331,
org.apache.tools.ant.taskdefs.Available$FileDir,1,5,6,8,8,16,8,8,16,0.00331,0.00331,0.00331,
org.apache.tools.ant.taskdefs.PumpStreamHandler,6,15,21,8,8,16,8,8,16,0.00331,0.00331,0.00331,
org.apache.tools.ant.Target,7,23,30,7,7,14,7,7,14,0.00209,0.00209,0.00209,
org.apache.tools.ant.taskdefs.ConditionTask,2,4,6,6,6,12,6,6,12,0.00412,0.00412,0.00412,
org.apache.tools.ant.taskdefs.WaitFor,5,7,12,6,6,12,6,6,12,0.00412,0.00412,0.00412,
org.apache.tools.ant.taskdefs.WaitFor$Unit,8,4,12,6,6,12,6,6,12,0.00412,0.00412,0.00412,
org.apache.tools.zip.UnrecognizedExtraField,3,10,13,6,6,12,6,6,12,0.00412,0.00412,0.00412,
org.apache.tools.zip.ZipExtraField,0,6,6,6,6,12,6,6,12,0.00412,0.00412,0.00412,
org.apache.tools.ant.taskdefs.Ant,12,24,36,6,6,12,6,6,12,0.00273,0.00273,0.00273,
org.apache.tools.ant.taskdefs.Ant$Reference,1,3,4,6,6,12,6,6,12,0.00273,0.00273,0.00273,
org.apache.tools.ant.types.FileSet,0,3,3,5,5,10,5,5,10,0.00458,0.00458,0.00458,
org.apache.tools.ant.types.PatternSet,4,22,26,5,5,10,5,5,10,0.0044,0.0044,0.0044,
org.apache.tools.ant.types.PatternSet$NameEntry,4,8,12,5,5,10,5,5,10,0.0044,0.0044,0.0044,
org.apache.tools.ant.taskdefs.rmic.RmicAdapter,0,4,4,5,5,10,5,5,10,0.00351,0.00351,0.00351,
org.apache.tools.zip.UnixStat,7,0,7,5,5,10,5,5,10,0.00351,0.00351,0.00351,
org.apache.tools.ant.types.AbstractFileSet,7,50,57,4,4,8,4,4,8,0.00378,0.00378,0.00378,
org.apache.tools.ant.types.DirSet,0,3,3,4,4,8,4,4,8,0.00378,0.00378,0.00378,
org.apache.tools.ant.types.FlexInteger,1,3,4,4,4,8,4,4,8,0.00378,0.00378,0.00378,
org.apache.tools.ant.types.selectors.SelectorScanner,0,3,3,4,4,8,4,4,8,0.00378,0.00378,0.00378,
org.apache.tools.ant.taskdefs.Copydir,6,8,14,4,4,8,4,4,8,0.00363,0.00363,0.00363,
org.apache.tools.ant.taskdefs.MatchingTask,1,42,43,4,4,8,4,4,8,0.00363,0.00363,0.00363,
org.apache.tools.ant.taskdefs.Move,0,7,7,4,4,8,4,4,8,0.00363,0.00363,0.00363,
org.apache.tools.ant.IntrospectionHelper,26,33,59,3,3,6,3,3,6,0.00394,0.00394,0.00394,
org.apache.tools.ant.IntrospectionHelper$AttributeSetter,0,1,1,3,3,6,3,3,6,0.00394,0.00394,0.00394,
org.apache.tools.ant.IntrospectionHelper$Creator,5,6,11,3,3,6,3,3,6,0.00394,0.00394,0.00394,
org.apache.tools.ant.IntrospectionHelper$NestedCreator,0,5,5,3,3,6,3,3,6,0.00394,0.00394,0.00394,
org.apache.tools.ant.taskdefs.FixCRLF,32,19,51,3,3,6,3,3,6,0.00394,0.00394,0.00394,
org.apache.tools.ant.taskdefs.FixCRLF$AddAsisRemove,0,2,2,3,3,6,3,3,6,0.00394,0.00394,0.00394,
org.apache.tools.ant.taskdefs.FixCRLF$CrLf,0,2,2,3,3,6,3,3,6,0.00394,0.00394,0.00394,
org.apache.tools.ant.taskdefs.FixCRLF$OneLiner,8,8,16,3,3,6,3,3,6,0.00394,0.00394,0.00394,
org.apache.tools.ant.taskdefs.XSLTProcess,21,30,51,3,3,6,3,3,6,0.00394,0.00394,0.00394,
org.apache.tools.ant.taskdefs.XSLTProcess$Factory,2,5,7,3,3,6,3,3,6,0.00394,0.00394,0.00394,
org.apache.tools.ant.taskdefs.XSLTProcess$OutputProperty,2,5,7,3,3,6,3,3,6,0.00394,0.00394,0.00394,
org.apache.tools.ant.taskdefs.XSLTProcess$Param,5,9,14,3,3,6,3,3,6,0.00394,0.00394,0.00394,
org.apache.tools.ant.taskdefs.Definer,11,22,33,2,2,4,2,2,4,0.00394,0.00394,0.00394,
org.apache.tools.ant.taskdefs.Definer$Format,2,2,4,2,2,4,2,2,4,0.00394,0.00394,0.00394,
org.apache.tools.ant.taskdefs.Definer$OnError,3,3,6,2,2,4,2,2,4,0.00394,0.00394,0.00394,
org.apache.tools.ant.taskdefs.Expand,7,10,17,2,2,4,2,2,4,0.00394,0.00394,0.00394,
org.apache.tools.ant.taskdefs.Untar,1,4,5,2,2,4,2,2,4,0.00394,0.00394,0.00394,
org.apache.tools.ant.taskdefs.Untar$UntarCompressionMethod,3,4,7,2,2,4,2,2,4,0.00394,0.00394,0.00394,
org.apache.tools.ant.taskdefs.compilers.Javac12,3,3,6,2,2,4,2,2,4,0.00394,0.00394,0.00394,
org.apache.tools.ant.taskdefs.compilers.Javac13,1,2,3,2,2,4,2,2,4,0.00394,0.00394,0.00394,
org.apache.tools.ant.taskdefs.compilers.Kjc,1,4,5,2,2,4,2,2,4,0.00394,0.00394,0.00394,
org.apache.tools.ant.taskdefs.rmic.KaffeRmic,1,3,4,2,2,4,2,2,4,0.00394,0.00394,0.00394,
org.apache.tools.ant.taskdefs.rmic.SunRmic,3,3,6,2,2,4,2,2,4,0.00394,0.00394,0.00394,
org.apache.tools.ant.taskdefs.rmic.WLRmic,1,5,6,2,2,4,2,2,4,0.00394,0.00394,0.00394,
org.apache.tools.ant.types.Commandline,3,30,33,2,2,4,2,2,4,0.00394,0.00394,0.00394,
org.apache.tools.ant.types.Commandline$Argument,1,7,8,2,2,4,2,2,4,0.00394,0.00394,0.00394,
org.apache.tools.ant.types.Commandline$Marker,3,2,5,2,2,4,2,2,4,0.00394,0.00394,0.00394,
org.apache.tools.ant.Main,19,23,42,2,2,4,2,2,4,0.00113,0.00113,0.00113,
org.apache.tools.ant.AntClassLoader,20,49,69,1,1,2,1,1,2,0.00394,0.00394,0.00394,
org.apache.tools.ant.AntClassLoader$ResourceEnumeration,4,4,8,1,1,2,1,1,2,0.00394,0.00394,0.00394,
org.apache.tools.ant.BuildEvent,6,11,17,1,1,2,1,1,2,0.00394,0.00394,0.00394,
org.apache.tools.ant.ComponentHelper,14,34,48,1,1,2,1,1,2,0.00394,0.00394,0.00394,
org.apache.tools.ant.ComponentHelper$AntTypeTable,1,8,9,1,1,2,1,1,2,0.00394,0.00394,0.00394,
org.apache.tools.ant.DefaultLogger,7,16,23,1,1,2,1,1,2,0.00394,0.00394,0.00394,
org.apache.tools.ant.DemuxOutputStream,7,10,17,1,1,2,1,1,2,0.00394,0.00394,0.00394,
org.apache.tools.ant.DemuxOutputStream$BufferInfo,2,6,8,1,1,2,1,1,2,0.00394,0.00394,0.00394,
org.apache.tools.ant.DirectoryScanner,22,53,75,1,1,2,1,1,2,0.00394,0.00394,0.00394,
org.apache.tools.ant.PathTokenizer,4,3,7,1,1,2,1,1,2,0.00394,0.00394,0.00394,
org.apache.tools.ant.Task,8,30,38,1,1,2,1,1,2,0.00394,0.00394,0.00394,
org.apache.tools.ant.filters.util.ChainReaderHelper,8,10,18,1,1,2,1,1,2,0.00394,0.00394,0.00394,
org.apache.tools.ant.taskdefs.Javac,28,75,103,1,1,2,1,1,2,0.00394,0.00394,0.00394,
org.apache.tools.ant.taskdefs.Javac$ImplementationSpecificArgument,1,2,3,1,1,2,1,1,2,0.00394,0.00394,0.00394,
org.apache.tools.ant.taskdefs.LoadProperties,3,5,8,1,1,2,1,1,2,0.00394,0.00394,0.00394,
org.apache.tools.ant.taskdefs.Rmic,21,48,69,1,1,2,1,1,2,0.00394,0.00394,0.00394,
org.apache.tools.ant.taskdefs.Rmic$ImplementationSpecificArgument,1,2,3,1,1,2,1,1,2,0.00394,0.00394,0.00394,
org.apache.tools.ant.taskdefs.condition.ConditionBase,1,20,21,1,1,2,1,1,2,0.00394,0.00394,0.00394,
org.apache.tools.ant.types.Path,2,30,32,1,1,2,1,1,2,0.00394,0.00394,0.00394,
org.apache.tools.ant.types.Path$PathElement,2,4,6,1,1,2,1,1,2,0.00394,0.00394,0.00394,
org.apache.tools.ant.util.regexp.RegexpFactory,0,4,4,1,1,2,1,1,2,0.00394,0.00394,0.00394,
org.apache.tools.ant.util.regexp.RegexpMatcherFactory,0,5,5,1,1,2,1,1,2,0.00394,0.00394,0.00394,
org.apache.tools.zip.ZipShort,1,7,8,1,1,2,1,1,2,0.00394,0.00394,0.00394,
org.apache.tools.ant.AntTypeDefinition,7,20,27,0,0,0,0,0,0,0.00059,0.00059,0.00059,
org.apache.tools.ant.BuildException,2,15,17,0,0,0,0,0,0,0.00059,0.00059,0.00059,
org.apache.tools.ant.BuildListener,0,7,7,0,0,0,0,0,0,0.00059,0.00059,0.00059,
org.apache.tools.ant.BuildLogger,0,4,4,0,0,0,0,0,0,0.00059,0.00059,0.00059,
org.apache.tools.ant.DemuxOutputStream$1,0,0,0,0,0,0,0,0,0,0.00059,0.00059,0.00059,
org.apache.tools.ant.Diagnostics,4,17,21,0,0,0,0,0,0,0.00059,0.00059,0.00059,
org.apache.tools.ant.Diagnostics$1,0,2,2,0,0,0,0,0,0,0.00059,0.00059,0.00059,
org.apache.tools.ant.DynamicConfigurator,0,2,2,0,0,0,0,0,0,0.00059,0.00059,0.00059,
org.apache.tools.ant.FileScanner,0,14,14,0,0,0,0,0,0,0.00059,0.00059,0.00059,
org.apache.tools.ant.IntrospectionHelper$1,2,6,8,0,0,0,0,0,0,0.00059,0.00059,0.00059,
org.apache.tools.ant.IntrospectionHelper$10,3,2,5,0,0,0,0,0,0,0.00059,0.00059,0.00059,
org.apache.tools.ant.IntrospectionHelper$11,4,2,6,0,0,0,0,0,0,0.00059,0.00059,0.00059,
org.apache.tools.ant.IntrospectionHelper$12,4,6,10,0,0,0,0,0,0,0.00059,0.00059,0.00059,
org.apache.tools.ant.IntrospectionHelper$2,3,6,9,0,0,0,0,0,0,0.00059,0.00059,0.00059,
org.apache.tools.ant.IntrospectionHelper$3,3,6,9,0,0,0,0,0,0,0.00059,0.00059,0.00059,
org.apache.tools.ant.IntrospectionHelper$4,2,6,8,0,0,0,0,0,0,0.00059,0.00059,0.00059,
org.apache.tools.ant.IntrospectionHelper$5,2,2,4,0,0,0,0,0,0,0.00059,0.00059,0.00059,
org.apache.tools.ant.IntrospectionHelper$6,3,2,5,0,0,0,0,0,0,0.00059,0.00059,0.00059,
org.apache.tools.ant.IntrospectionHelper$7,2,2,4,0,0,0,0,0,0,0.00059,0.00059,0.00059,
org.apache.tools.ant.IntrospectionHelper$8,2,2,4,0,0,0,0,0,0,0.00059,0.00059,0.00059,
org.apache.tools.ant.IntrospectionHelper$9,2,2,4,0,0,0,0,0,0,0.00059,0.00059,0.00059,
org.apache.tools.ant.Location,4,8,12,0,0,0,0,0,0,0.00059,0.00059,0.00059,
org.apache.tools.ant.MagicNames,2,1,3,0,0,0,0,0,0,0.00059,0.00059,0.00059,
org.apache.tools.ant.PropertyHelper,5,20,25,0,0,0,0,0,0,0.00059,0.00059,0.00059,
org.apache.tools.ant.TaskAdapter,2,7,9,0,0,0,0,0,0,0.00059,0.00059,0.00059,
org.apache.tools.ant.XmlLogger,18,16,34,0,0,0,0,0,0,0.00059,0.00059,0.00059,
org.apache.tools.ant.XmlLogger$1,0,0,0,0,0,0,0,0,0,0.00059,0.00059,0.00059,
org.apache.tools.ant.XmlLogger$TimedElement,2,6,8,0,0,0,0,0,0,0.00059,0.00059,0.00059,
org.apache.tools.ant.filters.BaseFilterReader,3,10,13,0,0,0,0,0,0,0.00059,0.00059,0.00059,
org.apache.tools.ant.filters.BaseParamFilterReader,1,4,5,0,0,0,0,0,0,0.00059,0.00059,0.00059,
org.apache.tools.ant.filters.ChainableReader,0,1,1,0,0,0,0,0,0,0.00059,0.00059,0.00059,
org.apache.tools.ant.filters.ClassConstants,3,5,8,0,0,0,0,0,0,0.00059,0.00059,0.00059,
org.apache.tools.ant.filters.ConcatFilter,4,9,13,0,0,0,0,0,0,0.00059,0.00059,0.00059,
org.apache.tools.ant.filters.EscapeUnicode,1,5,6,0,0,0,0,0,0,0.00059,0.00059,0.00059,
org.apache.tools.ant.filters.ExpandProperties,1,4,5,0,0,0,0,0,0,0.00059,0.00059,0.00059,
org.apache.tools.ant.filters.HeadFilter,9,10,19,0,0,0,0,0,0,0.00059,0.00059,0.00059,
org.apache.tools.ant.filters.LineContains,3,8,11,0,0,0,0,0,0,0.00059,0.00059,0.00059,
org.apache.tools.ant.filters.LineContains$Contains,1,3,4,0,0,0,0,0,0,0.00059,0.00059,0.00059,
org.apache.tools.ant.filters.LineContainsRegExp,3,8,11,0,0,0,0,0,0,0.00059,0.00059,0.00059,
org.apache.tools.ant.filters.PrefixLines,3,7,10,0,0,0,0,0,0,0.00059,0.00059,0.00059,
org.apache.tools.ant.filters.ReplaceTokens,9,13,22,0,0,0,0,0,0,0.00059,0.00059,0.00059,
org.apache.tools.ant.filters.ReplaceTokens$Token,2,5,7,0,0,0,0,0,0,0.00059,0.00059,0.00059,
org.apache.tools.ant.filters.StringInputStream,4,9,13,0,0,0,0,0,0,0.00059,0.00059,0.00059,
org.apache.tools.ant.filters.StripJavaComments,3,4,7,0,0,0,0,0,0,0.00059,0.00059,0.00059,
org.apache.tools.ant.filters.StripLineBreaks,3,7,10,0,0,0,0,0,0,0.00059,0.00059,0.00059,
org.apache.tools.ant.filters.StripLineComments,3,8,11,0,0,0,0,0,0,0.00059,0.00059,0.00059,
org.apache.tools.ant.filters.StripLineComments$Comment,1,3,4,0,0,0,0,0,0,0.00059,0.00059,0.00059,
org.apache.tools.ant.filters.TabsToSpaces,4,7,11,0,0,0,0,0,0,0.00059,0.00059,0.00059,
org.apache.tools.ant.filters.TailFilter,10,10,20,0,0,0,0,0,0,0.00059,0.00059,0.00059,
org.apache.tools.ant.filters.TokenFilter,5,19,24,0,0,0,0,0,0,0.00059,0.00059,0.00059,
org.apache.tools.ant.filters.TokenFilter$1,1,2,3,0,0,0,0,0,0,0.00059,0.00059,0.00059,
org.apache.tools.ant.filters.TokenFilter$ChainableReaderFilter,1,4,5,0,0,0,0,0,0,0.00059,0.00059,0.00059,
org.apache.tools.ant.filters.TokenFilter$ContainsRegex,9,6,15,0,0,0,0,0,0,0.00059,0.00059,0.00059,
org.apache.tools.ant.filters.TokenFilter$ContainsString,1,3,4,0,0,0,0,0,0,0.00059,0.00059,0.00059,
org.apache.tools.ant.filters.TokenFilter$DeleteCharacters,1,6,7,0,0,0,0,0,0,0.00059,0.00059,0.00059,
org.apache.tools.ant.filters.TokenFilter$FileTokenizer,0,3,3,0,0,0,0,0,0,0.00059,0.00059,0.00059,
org.apache.tools.ant.filters.TokenFilter$Filter,0,1,1,0,0,0,0,0,0,0.00059,0.00059,0.00059,
org.apache.tools.ant.filters.TokenFilter$IgnoreBlank,0,2,2,0,0,0,0,0,0,0.00059,0.00059,0.00059,
org.apache.tools.ant.filters.TokenFilter$ReplaceRegex,8,6,14,0,0,0,0,0,0,0.00059,0.00059,0.00059,
org.apache.tools.ant.filters.TokenFilter$ReplaceString,2,4,6,0,0,0,0,0,0,0.00059,0.00059,0.00059,
org.apache.tools.ant.filters.TokenFilter$StringTokenizer,6,8,14,0,0,0,0,0,0,0.00059,0.00059,0.00059,
org.apache.tools.ant.filters.TokenFilter$Trim,0,2,2,0,0,0,0,0,0,0.00059,0.00059,0.00059,
org.apache.tools.ant.filters.util.JavaClassHelper,1,3,4,0,0,0,0,0,0,0.00059,0.00059,0.00059,
org.apache.tools.ant.helper.AntXMLContext,11,26,37,0,0,0,0,0,0,0.00059,0.00059,0.00059,
org.apache.tools.ant.input.InputHandler,0,1,1,0,0,0,0,0,0,0.00059,0.00059,0.00059,
org.apache.tools.ant.listener.AnsiColorLogger,16,3,19,0,0,0,0,0,0,0.00059,0.00059,0.00059,
org.apache.tools.ant.listener.MailLogger,1,7,8,0,0,0,0,0,0,0.00059,0.00059,0.00059,
org.apache.tools.ant.loader.AntClassLoader2,3,8,11,0,0,0,0,0,0,0.00059,0.00059,0.00059,
org.apache.tools.ant.taskdefs.AbstractCvsTask,24,42,66,0,0,0,0,0,0,0.00059,0.00059,0.00059,
org.apache.tools.ant.taskdefs.AntStructure,10,9,19,0,0,0,0,0,0,0.00059,0.00059,0.00059,
org.apache.tools.ant.taskdefs.Antlib,5,8,13,0,0,0,0,0,0,0.00059,0.00059,0.00059,
org.apache.tools.ant.taskdefs.AntlibDefinition,2,5,7,0,0,0,0,0,0,0.00059,0.00059,0.00059,
org.apache.tools.ant.taskdefs.BUnzip2,1,3,4,0,0,0,0,0,0,0.00059,0.00059,0.00059,
org.apache.tools.ant.taskdefs.BuildNumber,3,6,9,0,0,0,0,0,0,0.00059,0.00059,0.00059,
org.apache.tools.ant.taskdefs.CVSPass,4,6,10,0,0,0,0,0,0,0.00059,0.00059,0.00059,
org.apache.tools.ant.taskdefs.CallTarget,4,14,18,0,0,0,0,0,0,0.00059,0.00059,0.00059,
org.apache.tools.ant.taskdefs.Checksum,16,20,36,0,0,0,0,0,0,0.00059,0.00059,0.00059,
org.apache.tools.ant.taskdefs.Chmod,3,18,21,0,0,0,0,0,0,0.00059,0.00059,0.00059,
org.apache.tools.ant.taskdefs.Concat,16,28,44,0,0,0,0,0,0,0.00059,0.00059,0.00059,
org.apache.tools.ant.taskdefs.Concat$1,0,0,0,0,0,0,0,0,0,0.00059,0.00059,0.00059,
org.apache.tools.ant.taskdefs.Concat$MultiReader,6,8,14,0,0,0,0,0,0,0.00059,0.00059,0.00059,
org.apache.tools.ant.taskdefs.Concat$TextElement,5,10,15,0,0,0,0,0,0,0.00059,0.00059,0.00059,
org.apache.tools.ant.taskdefs.Copy,21,31,52,0,0,0,0,0,0,0.00059,0.00059,0.00059,
org.apache.tools.ant.taskdefs.Copyfile,4,6,10,0,0,0,0,0,0,0.00059,0.00059,0.00059,
org.apache.tools.ant.taskdefs.Cvs,0,1,1,0,0,0,0,0,0,0.00059,0.00059,0.00059,
org.apache.tools.ant.taskdefs.DefBase,2,12,14,0,0,0,0,0,0,0.00059,0.00059,0.00059,
org.apache.tools.ant.taskdefs.DefaultExcludes,5,6,11,0,0,0,0,0,0,0.00059,0.00059,0.00059,
org.apache.tools.ant.taskdefs.Definer$1,3,3,6,0,0,0,0,0,0,0.00059,0.00059,0.00059,
org.apache.tools.ant.taskdefs.Deltree,1,4,5,0,0,0,0,0,0,0.00059,0.00059,0.00059,
org.apache.tools.ant.taskdefs.DependSet,4,6,10,0,0,0,0,0,0,0.00059,0.00059,0.00059,
org.apache.tools.ant.taskdefs.Dirname,2,4,6,0,0,0,0,0,0,0.00059,0.00059,0.00059,
org.apache.tools.ant.taskdefs.Ear,3,8,11,0,0,0,0,0,0,0.00059,0.00059,0.00059,
org.apache.tools.ant.taskdefs.Echo,4,7,11,0,0,0,0,0,0,0.00059,0.00059,0.00059,
org.apache.tools.ant.taskdefs.Echo$EchoLevel,0,2,2,0,0,0,0,0,0,0.00059,0.00059,0.00059,
org.apache.tools.ant.taskdefs.Exec,6,10,16,0,0,0,0,0,0,0.00059,0.00059,0.00059,
org.apache.tools.ant.taskdefs.Exec$StreamPumper,5,3,8,0,0,0,0,0,0,0.00059,0.00059,0.00059,
org.apache.tools.ant.taskdefs.ExecTask,15,36,51,0,0,0,0,0,0,0.00059,0.00059,0.00059,
org.apache.tools.ant.taskdefs.Execute$1,0,0,0,0,0,0,0,0,0,0.00059,0.00059,0.00059,
org.apache.tools.ant.taskdefs.ExecuteJava,9,11,20,0,0,0,0,0,0,0.00059,0.00059,0.00059,
org.apache.tools.ant.taskdefs.ExecuteOn,16,23,39,0,0,0,0,0,0,0.00059,0.00059,0.00059,
org.apache.tools.ant.taskdefs.ExecuteOn$FileDirBoth,0,2,2,0,0,0,0,0,0,0.00059,0.00059,0.00059,
org.apache.tools.ant.taskdefs.ExecuteWatchdog,5,9,14,0,0,0,0,0,0,0.00059,0.00059,0.00059,
org.apache.tools.ant.taskdefs.Exit,3,8,11,0,0,0,0,0,0,0.00059,0.00059,0.00059,
org.apache.tools.ant.taskdefs.FixCRLF$OneLiner$BufferLine,6,19,25,0,0,0,0,0,0,0.00059,0.00059,0.00059,
org.apache.tools.ant.taskdefs.GUnzip,1,3,4,0,0,0,0,0,0,0.00059,0.00059,0.00059,
org.apache.tools.ant.taskdefs.GZip,0,2,2,0,0,0,0,0,0,0.00059,0.00059,0.00059,
org.apache.tools.ant.taskdefs.GenerateKey,12,14,26,0,0,0,0,0,0,0.00059,0.00059,0.00059,
org.apache.tools.ant.taskdefs.GenerateKey$DistinguishedName,1,5,6,0,0,0,0,0,0,0.00059,0.00059,0.00059,
org.apache.tools.ant.taskdefs.GenerateKey$DnameParam,2,5,7,0,0,0,0,0,0,0.00059,0.00059,0.00059,
org.apache.tools.ant.taskdefs.Get,8,10,18,0,0,0,0,0,0,0.00059,0.00059,0.00059,
org.apache.tools.ant.taskdefs.Get$1,0,0,0,0,0,0,0,0,0,0.00059,0.00059,0.00059,
org.apache.tools.ant.taskdefs.Get$Base64Converter,1,4,5,0,0,0,0,0,0,0.00059,0.00059,0.00059,
org.apache.tools.ant.taskdefs.ImportTask,3,6,9,0,0,0,0,0,0,0.00059,0.00059,0.00059,
org.apache.tools.ant.taskdefs.Input,4,7,11,0,0,0,0,0,0,0.00059,0.00059,0.00059,
org.apache.tools.ant.taskdefs.JDBCTask,11,26,37,0,0,0,0,0,0,0.00059,0.00059,0.00059,
org.apache.tools.ant.taskdefs.Java,12,48,60,0,0,0,0,0,0,0.00059,0.00059,0.00059,
org.apache.tools.ant.taskdefs.Javadoc$1,1,2,3,0,0,0,0,0,0,0.00059,0.00059,0.00059,
org.apache.tools.ant.taskdefs.Jikes,3,2,5,0,0,0,0,0,0,0.00059,0.00059,0.00059,
org.apache.tools.ant.taskdefs.JikesOutputParser,7,12,19,0,0,0,0,0,0,0.00059,0.00059,0.00059,
org.apache.tools.ant.taskdefs.KeySubst,4,8,12,0,0,0,0,0,0,0.00059,0.00059,0.00059,
org.apache.tools.ant.taskdefs.LoadFile,5,7,12,0,0,0,0,0,0,0.00059,0.00059,0.00059,
org.apache.tools.ant.taskdefs.LogOutputStream,7,9,16,0,0,0,0,0,0,0.00059,0.00059,0.00059,
org.apache.tools.ant.taskdefs.MacroDef,7,19,26,0,0,0,0,0,0,0.00059,0.00059,0.00059,
org.apache.tools.ant.taskdefs.MacroDef$Attribute,3,9,12,0,0,0,0,0,0,0.00059,0.00059,0.00059,
org.apache.tools.ant.taskdefs.MacroDef$MyAntTypeDefinition,1,4,5,0,0,0,0,0,0,0.00059,0.00059,0.00059,
org.apache.tools.ant.taskdefs.MacroDef$NestedSequential,1,4,5,0,0,0,0,0,0,0.00059,0.00059,0.00059,
org.apache.tools.ant.taskdefs.MacroDef$TemplateElement,3,9,12,0,0,0,0,0,0,0.00059,0.00059,0.00059,
org.apache.tools.ant.taskdefs.MacroDef$Text,4,11,15,0,0,0,0,0,0,0.00059,0.00059,0.00059,
org.apache.tools.ant.taskdefs.MacroInstance,10,9,19,0,0,0,0,0,0,0.00059,0.00059,0.00059,
org.apache.tools.ant.taskdefs.MacroInstance$Element,1,3,4,0,0,0,0,0,0,0.00059,0.00059,0.00059,
org.apache.tools.ant.taskdefs.Manifest,14,17,31,0,0,0,0,0,0,0.00059,0.00059,0.00059,
org.apache.tools.ant.taskdefs.Manifest$Attribute,3,16,19,0,0,0,0,0,0,0.00059,0.00059,0.00059,
org.apache.tools.ant.taskdefs.Manifest$Section,4,18,22,0,0,0,0,0,0,0.00059,0.00059,0.00059,
org.apache.tools.ant.taskdefs.ManifestTask,4,7,11,0,0,0,0,0,0,0.00059,0.00059,0.00059,
org.apache.tools.ant.taskdefs.ManifestTask$Mode,0,2,2,0,0,0,0,0,0,0.00059,0.00059,0.00059,
org.apache.tools.ant.taskdefs.Mkdir,2,4,6,0,0,0,0,0,0,0.00059,0.00059,0.00059,
org.apache.tools.ant.taskdefs.Pack,2,9,11,0,0,0,0,0,0,0.00059,0.00059,0.00059,
org.apache.tools.ant.taskdefs.Parallel,14,19,33,0,0,0,0,0,0,0.00059,0.00059,0.00059,
org.apache.tools.ant.taskdefs.Parallel$1,1,2,3,0,0,0,0,0,0,0.00059,0.00059,0.00059,
org.apache.tools.ant.taskdefs.Parallel$TaskList,1,3,4,0,0,0,0,0,0,0.00059,0.00059,0.00059,
org.apache.tools.ant.taskdefs.Parallel$TaskRunnable,4,3,7,0,0,0,0,0,0,0.00059,0.00059,0.00059,
org.apache.tools.ant.taskdefs.Patch,4,11,15,0,0,0,0,0,0,0.00059,0.00059,0.00059,
org.apache.tools.ant.taskdefs.PathConvert,10,16,26,0,0,0,0,0,0,0.00059,0.00059,0.00059,
org.apache.tools.ant.taskdefs.PathConvert$MapEntry,3,4,7,0,0,0,0,0,0,0.00059,0.00059,0.00059,
org.apache.tools.ant.taskdefs.PathConvert$TargetOs,0,2,2,0,0,0,0,0,0,0.00059,0.00059,0.00059,
org.apache.tools.ant.taskdefs.PreSetDef,2,4,6,0,0,0,0,0,0,0.00059,0.00059,0.00059,
org.apache.tools.ant.taskdefs.PreSetDef$PreSetDefinition,2,16,18,0,0,0,0,0,0,0.00059,0.00059,0.00059,
org.apache.tools.ant.taskdefs.Property,11,35,46,0,0,0,0,0,0,0.00059,0.00059,0.00059,
org.apache.tools.ant.taskdefs.Recorder,6,9,15,0,0,0,0,0,0,0.00059,0.00059,0.00059,
org.apache.tools.ant.taskdefs.Recorder$ActionChoices,1,3,4,0,0,0,0,0,0,0.00059,0.00059,0.00059,
org.apache.tools.ant.taskdefs.Recorder$VerbosityLevelChoices,1,3,4,0,0,0,0,0,0,0.00059,0.00059,0.00059,
org.apache.tools.ant.taskdefs.RecorderEntry,6,16,22,0,0,0,0,0,0,0.00059,0.00059,0.00059,
org.apache.tools.ant.taskdefs.Redirector,16,21,37,0,0,0,0,0,0,0.00059,0.00059,0.00059,
org.apache.tools.ant.taskdefs.Rename,3,5,8,0,0,0,0,0,0,0.00059,0.00059,0.00059,
org.apache.tools.ant.taskdefs.Replace,13,22,35,0,0,0,0,0,0,0.00059,0.00059,0.00059,
org.apache.tools.ant.taskdefs.Replace$NestedString,2,3,5,0,0,0,0,0,0,0.00059,0.00059,0.00059,
org.apache.tools.ant.taskdefs.Replace$Replacefilter,4,9,13,0,0,0,0,0,0,0.00059,0.00059,0.00059,
org.apache.tools.ant.taskdefs.SQLExec,18,20,38,0,0,0,0,0,0,0.00059,0.00059,0.00059,
org.apache.tools.ant.taskdefs.SQLExec$DelimiterType,2,2,4,0,0,0,0,0,0,0.00059,0.00059,0.00059,
org.apache.tools.ant.taskdefs.SQLExec$OnError,0,2,2,0,0,0,0,0,0,0.00059,0.00059,0.00059,
org.apache.tools.ant.taskdefs.SQLExec$Transaction,3,5,8,0,0,0,0,0,0,0.00059,0.00059,0.00059,
org.apache.tools.ant.taskdefs.SendEmail,0,2,2,0,0,0,0,0,0,0.00059,0.00059,0.00059,
org.apache.tools.ant.taskdefs.SignJar,14,19,33,0,0,0,0,0,0,0.00059,0.00059,0.00059,
org.apache.tools.ant.taskdefs.Sleep,5,10,15,0,0,0,0,0,0,0.00059,0.00059,0.00059,
org.apache.tools.ant.taskdefs.StreamPumper,5,5,10,0,0,0,0,0,0,0.00059,0.00059,0.00059,
org.apache.tools.ant.taskdefs.SubAnt,11,23,34,0,0,0,0,0,0,0.00059,0.00059,0.00059,
org.apache.tools.ant.taskdefs.Sync,1,15,16,0,0,0,0,0,0,0.00059,0.00059,0.00059,
org.apache.tools.ant.taskdefs.Sync$MyCopy,1,5,6,0,0,0,0,0,0,0.00059,0.00059,0.00059,
org.apache.tools.ant.taskdefs.TaskOutputStream,3,3,6,0,0,0,0,0,0,0.00059,0.00059,0.00059,
org.apache.tools.ant.taskdefs.Taskdef,2,2,4,0,0,0,0,0,0,0.00059,0.00059,0.00059,
org.apache.tools.ant.taskdefs.TempFile,4,6,10,0,0,0,0,0,0,0.00059,0.00059,0.00059,
org.apache.tools.ant.taskdefs.Touch,5,8,13,0,0,0,0,0,0,0.00059,0.00059,0.00059,
org.apache.tools.ant.taskdefs.Transform,0,1,1,0,0,0,0,0,0,0.00059,0.00059,0.00059,
org.apache.tools.ant.taskdefs.Tstamp,2,6,8,0,0,0,0,0,0,0.00059,0.00059,0.00059,
org.apache.tools.ant.taskdefs.Tstamp$CustomFormat,9,9,18,0,0,0,0,0,0,0.00059,0.00059,0.00059,
org.apache.tools.ant.taskdefs.Tstamp$Unit,10,4,14,0,0,0,0,0,0,0.00059,0.00059,0.00059,
org.apache.tools.ant.taskdefs.Typedef,0,1,1,0,0,0,0,0,0,0.00059,0.00059,0.00059,
org.apache.tools.ant.taskdefs.Unpack,2,10,12,0,0,0,0,0,0,0.00059,0.00059,0.00059,
org.apache.tools.ant.taskdefs.UpToDate,6,11,17,0,0,0,0,0,0,0.00059,0.00059,0.00059,
org.apache.tools.ant.taskdefs.War,3,10,13,0,0,0,0,0,0,0.00059,0.00059,0.00059,
org.apache.tools.ant.taskdefs.WhichResource,4,8,12,0,0,0,0,0,0,0.00059,0.00059,0.00059,
org.apache.tools.ant.taskdefs.XSLTLiaison,1,3,4,0,0,0,0,0,0,0.00059,0.00059,0.00059,
org.apache.tools.ant.taskdefs.XSLTLiaison2,0,1,1,0,0,0,0,0,0,0.00059,0.00059,0.00059,
org.apache.tools.ant.taskdefs.XSLTLogger,0,1,1,0,0,0,0,0,0,0.00059,0.00059,0.00059,
org.apache.tools.ant.taskdefs.XSLTLoggerAware,0,1,1,0,0,0,0,0,0,0.00059,0.00059,0.00059,
org.apache.tools.ant.taskdefs.XSLTProcess$Factory$Attribute,2,5,7,0,0,0,0,0,0,0.00059,0.00059,0.00059,
org.apache.tools.ant.taskdefs.XmlProperty,17,28,45,0,0,0,0,0,0,0.00059,0.00059,0.00059,
org.apache.tools.ant.taskdefs.compilers.CompilerAdapter,0,2,2,0,0,0,0,0,0,0.00059,0.00059,0.00059,
org.apache.tools.ant.taskdefs.compilers.CompilerAdapterFactory,2,5,7,0,0,0,0,0,0,0.00059,0.00059,0.00059,
org.apache.tools.ant.taskdefs.compilers.DefaultCompilerAdapter,23,21,44,0,0,0,0,0,0,0.00059,0.00059,0.00059,
org.apache.tools.ant.taskdefs.compilers.Gcj,0,3,3,0,0,0,0,0,0,0.00059,0.00059,0.00059,
org.apache.tools.ant.taskdefs.compilers.Jikes,0,2,2,0,0,0,0,0,0,0.00059,0.00059,0.00059,
org.apache.tools.ant.taskdefs.compilers.Jvc,0,2,2,0,0,0,0,0,0,0.00059,0.00059,0.00059,
org.apache.tools.ant.taskdefs.condition.FilesMatch,3,4,7,0,0,0,0,0,0,0.00059,0.00059,0.00059,
org.apache.tools.ant.taskdefs.cvslib.ChangeLogParser,14,12,26,0,0,0,0,0,0,0.00059,0.00059,0.00059,
org.apache.tools.ant.taskdefs.cvslib.ChangeLogTask,7,15,22,0,0,0,0,0,0,0.00059,0.00059,0.00059,
org.apache.tools.ant.taskdefs.cvslib.ChangeLogWriter,2,4,6,0,0,0,0,0,0,0.00059,0.00059,0.00059,
org.apache.tools.ant.taskdefs.cvslib.CvsTagDiff,13,12,25,0,0,0,0,0,0,0.00059,0.00059,0.00059,
org.apache.tools.ant.taskdefs.cvslib.CvsVersion,6,7,13,0,0,0,0,0,0,0.00059,0.00059,0.00059,
org.apache.tools.ant.taskdefs.cvslib.RedirectingStreamHandler,0,3,3,0,0,0,0,0,0,0.00059,0.00059,0.00059,
org.apache.tools.ant.taskdefs.email.EmailTask,23,30,53,0,0,0,0,0,0,0.00059,0.00059,0.00059,
org.apache.tools.ant.taskdefs.email.EmailTask$Encoding,0,2,2,0,0,0,0,0,0,0.00059,0.00059,0.00059,
org.apache.tools.ant.taskdefs.email.Message,5,11,16,0,0,0,0,0,0,0.00059,0.00059,0.00059,
org.apache.tools.ant.taskdefs.email.PlainMailer,0,3,3,0,0,0,0,0,0,0.00059,0.00059,0.00059,
org.apache.tools.ant.taskdefs.rmic.DefaultRmicAdapter,3,16,19,0,0,0,0,0,0,0.00059,0.00059,0.00059,
org.apache.tools.ant.taskdefs.rmic.DefaultRmicAdapter$RmicFileNameMapper,1,4,5,0,0,0,0,0,0,0.00059,0.00059,0.00059,
org.apache.tools.ant.taskdefs.rmic.RmicAdapterFactory,0,3,3,0,0,0,0,0,0,0.00059,0.00059,0.00059,
org.apache.tools.ant.types.AntFilterReader,3,10,13,0,0,0,0,0,0,0.00059,0.00059,0.00059,
org.apache.tools.ant.types.Assertions,2,12,14,0,0,0,0,0,0,0.00059,0.00059,0.00059,
org.apache.tools.ant.types.Assertions$BaseAssertion,2,7,9,0,0,0,0,0,0,0.00059,0.00059,0.00059,
org.apache.tools.ant.types.Assertions$DisabledAssertion,0,2,2,0,0,0,0,0,0,0.00059,0.00059,0.00059,
org.apache.tools.ant.types.Assertions$EnabledAssertion,0,2,2,0,0,0,0,0,0,0.00059,0.00059,0.00059,
org.apache.tools.ant.types.DataType,3,15,18,0,0,0,0,0,0,0.00059,0.00059,0.00059,
org.apache.tools.ant.types.EnumeratedAttribute,2,8,10,0,0,0,0,0,0,0.00059,0.00059,0.00059,
org.apache.tools.ant.types.Environment,1,3,4,0,0,0,0,0,0,0.00059,0.00059,0.00059,
org.apache.tools.ant.types.Environment$Variable,2,8,10,0,0,0,0,0,0,0.00059,0.00059,0.00059,
org.apache.tools.ant.types.FileList,2,8,10,0,0,0,0,0,0,0.00059,0.00059,0.00059,
org.apache.tools.ant.types.FilterChain,1,25,26,0,0,0,0,0,0,0.00059,0.00059,0.00059,
org.apache.tools.ant.types.FilterSet,8,21,29,0,0,0,0,0,0,0.00059,0.00059,0.00059,
org.apache.tools.ant.types.FilterSet$Filter,2,6,8,0,0,0,0,0,0,0.00059,0.00059,0.00059,
org.apache.tools.ant.types.FilterSet$FiltersFile,1,2,3,0,0,0,0,0,0,0.00059,0.00059,0.00059,
org.apache.tools.ant.types.FilterSetCollection,1,5,6,0,0,0,0,0,0,0.00059,0.00059,0.00059,
org.apache.tools.ant.types.Mapper,5,11,16,0,0,0,0,0,0,0.00059,0.00059,0.00059,
org.apache.tools.ant.types.Mapper$MapperType,1,3,4,0,0,0,0,0,0,0.00059,0.00059,0.00059,
org.apache.tools.ant.types.Parameter,3,7,10,0,0,0,0,0,0,0.00059,0.00059,0.00059,
org.apache.tools.ant.types.Parameterizable,0,1,1,0,0,0,0,0,0,0.00059,0.00059,0.00059,
org.apache.tools.ant.types.Permissions,6,12,18,0,0,0,0,0,0,0.00059,0.00059,0.00059,
org.apache.tools.ant.types.Permissions$1,0,0,0,0,0,0,0,0,0,0.00059,0.00059,0.00059,
org.apache.tools.ant.types.Permissions$MySM,1,5,6,0,0,0,0,0,0,0.00059,0.00059,0.00059,
org.apache.tools.ant.types.Permissions$Permission,4,10,14,0,0,0,0,0,0,0.00059,0.00059,0.00059,
org.apache.tools.ant.types.PropertySet,6,17,23,0,0,0,0,0,0,0.00059,0.00059,0.00059,
org.apache.tools.ant.types.PropertySet$BuiltinPropertySetName,3,2,5,0,0,0,0,0,0,0.00059,0.00059,0.00059,
org.apache.tools.ant.types.PropertySet$PropertyRef,5,11,16,0,0,0,0,0,0,0.00059,0.00059,0.00059,
org.apache.tools.ant.types.Reference,1,5,6,0,0,0,0,0,0,0.00059,0.00059,0.00059,
org.apache.tools.ant.types.RegularExpression,3,6,9,0,0,0,0,0,0,0.00059,0.00059,0.00059,
org.apache.tools.ant.types.ResourceFactory,0,1,1,0,0,0,0,0,0,0.00059,0.00059,0.00059,
org.apache.tools.ant.types.Substitution,2,4,6,0,0,0,0,0,0,0.00059,0.00059,0.00059,
org.apache.tools.ant.types.XMLCatalog,9,30,39,0,0,0,0,0,0,0.00059,0.00059,0.00059,
org.apache.tools.ant.types.XMLCatalog$CatalogResolver,0,2,2,0,0,0,0,0,0,0.00059,0.00059,0.00059,
org.apache.tools.ant.types.XMLCatalog$ExternalResolver,7,4,11,0,0,0,0,0,0,0.00059,0.00059,0.00059,
org.apache.tools.ant.types.XMLCatalog$InternalResolver,1,3,4,0,0,0,0,0,0,0.00059,0.00059,0.00059,
org.apache.tools.ant.types.ZipFileSet,10,19,29,0,0,0,0,0,0,0.00059,0.00059,0.00059,
org.apache.tools.ant.types.ZipScanner,4,9,13,0,0,0,0,0,0,0.00059,0.00059,0.00059,
org.apache.tools.ant.types.resolver.ApacheCatalog,1,4,5,0,0,0,0,0,0,0.00059,0.00059,0.00059,
org.apache.tools.ant.types.resolver.ApacheCatalogResolver,2,7,9,0,0,0,0,0,0,0.00059,0.00059,0.00059,
org.apache.tools.ant.types.selectors.BaseExtendSelector,1,4,5,0,0,0,0,0,0,0.00059,0.00059,0.00059,
org.apache.tools.ant.types.selectors.BaseSelector,1,6,7,0,0,0,0,0,0,0.00059,0.00059,0.00059,
org.apache.tools.ant.types.selectors.BaseSelectorContainer,1,28,29,0,0,0,0,0,0,0.00059,0.00059,0.00059,
org.apache.tools.ant.types.selectors.ContainsRegexpSelector,4,6,10,0,0,0,0,0,0,0.00059,0.00059,0.00059,
org.apache.tools.ant.types.selectors.ContainsSelector,7,8,15,0,0,0,0,0,0,0.00059,0.00059,0.00059,
org.apache.tools.ant.types.selectors.DateSelector,10,11,21,0,0,0,0,0,0,0.00059,0.00059,0.00059,
org.apache.tools.ant.types.selectors.DateSelector$TimeComparisons,0,2,2,0,0,0,0,0,0,0.00059,0.00059,0.00059,
org.apache.tools.ant.types.selectors.DependSelector,0,3,3,0,0,0,0,0,0,0.00059,0.00059,0.00059,
org.apache.tools.ant.types.selectors.DepthSelector,4,7,11,0,0,0,0,0,0,0.00059,0.00059,0.00059,
org.apache.tools.ant.types.selectors.DifferentSelector,2,3,5,0,0,0,0,0,0,0.00059,0.00059,0.00059,
org.apache.tools.ant.types.selectors.ExtendSelector,4,10,14,0,0,0,0,0,0,0.00059,0.00059,0.00059,
org.apache.tools.ant.types.selectors.FileSelector,0,1,1,0,0,0,0,0,0,0.00059,0.00059,0.00059,
org.apache.tools.ant.types.selectors.FilenameSelector,6,8,14,0,0,0,0,0,0,0.00059,0.00059,0.00059,
org.apache.tools.ant.types.selectors.MappingSelector,4,7,11,0,0,0,0,0,0,0.00059,0.00059,0.00059,
org.apache.tools.ant.types.selectors.PresentSelector,4,7,11,0,0,0,0,0,0,0.00059,0.00059,0.00059,
org.apache.tools.ant.types.selectors.PresentSelector$FilePresence,0,2,2,0,0,0,0,0,0,0.00059,0.00059,0.00059,
org.apache.tools.ant.types.selectors.SelectorUtils,1,17,18,0,0,0,0,0,0,0.00059,0.00059,0.00059,
org.apache.tools.ant.types.selectors.SizeSelector,7,8,15,0,0,0,0,0,0,0.00059,0.00059,0.00059,
org.apache.tools.ant.types.selectors.SizeSelector$ByteUnits,0,2,2,0,0,0,0,0,0,0.00059,0.00059,0.00059,
org.apache.tools.ant.types.selectors.SizeSelector$SizeComparisons,0,2,2,0,0,0,0,0,0,0.00059,0.00059,0.00059,
org.apache.tools.ant.types.selectors.TypeSelector,2,6,8,0,0,0,0,0,0,0.00059,0.00059,0.00059,
org.apache.tools.ant.types.selectors.TypeSelector$FileType,2,2,4,0,0,0,0,0,0,0.00059,0.00059,0.00059,
org.apache.tools.ant.types.selectors.modifiedselector.Algorithm,0,2,2,0,0,0,0,0,0,0.00059,0.00059,0.00059,
org.apache.tools.ant.types.selectors.modifiedselector.DigestAlgorithm,4,7,11,0,0,0,0,0,0,0.00059,0.00059,0.00059,
org.apache.tools.ant.types.selectors.modifiedselector.ModifiedSelector,11,18,29,0,0,0,0,0,0,0.00059,0.00059,0.00059,
org.apache.tools.ant.types.selectors.modifiedselector.ModifiedSelector$AlgorithmName,0,2,2,0,0,0,0,0,0,0.00059,0.00059,0.00059,
org.apache.tools.ant.types.selectors.modifiedselector.ModifiedSelector$CacheName,0,2,2,0,0,0,0,0,0,0.00059,0.00059,0.00059,
org.apache.tools.ant.types.selectors.modifiedselector.ModifiedSelector$ComparatorName,0,2,2,0,0,0,0,0,0,0.00059,0.00059,0.00059,
org.apache.tools.ant.types.selectors.modifiedselector.PropertiesfileCache,4,12,16,0,0,0,0,0,0,0.00059,0.00059,0.00059,
org.apache.tools.ant.util.ClasspathUtils,2,11,13,0,0,0,0,0,0,0.00059,0.00059,0.00059,
org.apache.tools.ant.util.ClasspathUtils$Delegate,6,13,19,0,0,0,0,0,0,0.00059,0.00059,0.00059,
org.apache.tools.ant.util.DOMElementWriter,2,8,10,0,0,0,0,0,0,0.00059,0.00059,0.00059,
org.apache.tools.ant.util.DateUtils,10,11,21,0,0,0,0,0,0,0.00059,0.00059,0.00059,
org.apache.tools.ant.util.FileNameMapper,0,3,3,0,0,0,0,0,0,0.00059,0.00059,0.00059,
org.apache.tools.ant.util.FileUtils,9,37,46,0,0,0,0,0,0,0.00059,0.00059,0.00059,
org.apache.tools.ant.util.FlatFileNameMapper,0,4,4,0,0,0,0,0,0,0.00059,0.00059,0.00059,
org.apache.tools.ant.util.JAXPUtils,4,13,17,0,0,0,0,0,0,0.00059,0.00059,0.00059,
org.apache.tools.ant.util.JavaEnvUtils,14,11,25,0,0,0,0,0,0,0.00059,0.00059,0.00059,
org.apache.tools.ant.util.LazyHashtable,1,9,10,0,0,0,0,0,0,0.00059,0.00059,0.00059,
org.apache.tools.ant.util.LoaderUtils,1,8,9,0,0,0,0,0,0,0.00059,0.00059,0.00059,
org.apache.tools.ant.util.PackageNameMapper,0,2,2,0,0,0,0,0,0,0.00059,0.00059,0.00059,
org.apache.tools.ant.util.ResourceUtils,0,2,2,0,0,0,0,0,0,0.00059,0.00059,0.00059,
org.apache.tools.ant.util.ScriptRunner,3,9,12,0,0,0,0,0,0,0.00059,0.00059,0.00059,
org.apache.tools.ant.util.SourceFileScanner,3,4,7,0,0,0,0,0,0,0.00059,0.00059,0.00059,
org.apache.tools.ant.util.TimeoutObserver,0,1,1,0,0,0,0,0,0,0.00059,0.00059,0.00059,
org.apache.tools.ant.util.UnPackageNameMapper,0,2,2,0,0,0,0,0,0,0.00059,0.00059,0.00059,
org.apache.tools.ant.util.WeakishReference,4,5,9,0,0,0,0,0,0,0.00059,0.00059,0.00059,
org.apache.tools.ant.util.WeakishReference$HardReference,1,2,3,0,0,0,0,0,0,0.00059,0.00059,0.00059,
org.apache.tools.ant.util.regexp.Regexp,2,1,3,0,0,0,0,0,0,0.00059,0.00059,0.00059,
org.apache.tools.ant.util.regexp.RegexpMatcher,4,6,10,0,0,0,0,0,0,0.00059,0.00059,0.00059,
org.apache.tools.ant.util.regexp.RegexpUtil,0,3,3,0,0,0,0,0,0,0.00059,0.00059,0.00059,
org.apache.tools.bzip2.BZip2Constants,11,1,12,0,0,0,0,0,0,0.00059,0.00059,0.00059,
org.apache.tools.bzip2.CBZip2InputStream,45,32,77,0,0,0,0,0,0,0.00059,0.00059,0.00059,
org.apache.tools.bzip2.CBZip2OutputStream,41,33,74,0,0,0,0,0,0,0.00059,0.00059,0.00059,
org.apache.tools.bzip2.CBZip2OutputStream$1,0,0,0,0,0,0,0,0,0,0.00059,0.00059,0.00059,
org.apache.tools.bzip2.CBZip2OutputStream$StackElem,3,2,5,0,0,0,0,0,0,0.00059,0.00059,0.00059,
org.apache.tools.bzip2.CRC,2,7,9,0,0,0,0,0,0,0.00059,0.00059,0.00059,
org.apache.tools.mail.MailMessage,21,31,52,0,0,0,0,0,0,0.00059,0.00059,0.00059,
org.apache.tools.mail.MailPrintStream,1,5,6,0,0,0,0,0,0,0.00059,0.00059,0.00059,
org.apache.tools.mail.SmtpResponseReader,2,5,7,0,0,0,0,0,0,0.00059,0.00059,0.00059,
org.apache.tools.tar.TarBuffer,11,21,32,0,0,0,0,0,0,0.00059,0.00059,0.00059,
org.apache.tools.tar.TarConstants,24,0,24,0,0,0,0,0,0,0.00059,0.00059,0.00059,
org.apache.tools.tar.TarEntry,19,35,54,0,0,0,0,0,0,0.00059,0.00059,0.00059,
org.apache.tools.tar.TarInputStream,9,16,25,0,0,0,0,0,0,0.00059,0.00059,0.00059,
org.apache.tools.tar.TarOutputStream,12,15,27,0,0,0,0,0,0,0.00059,0.00059,0.00059,
org.apache.tools.tar.TarUtils,0,8,8,0,0,0,0,0,0,0.00059,0.00059,0.00059,
org.apache.tools.zip.AsiExtraField,7,20,27,0,0,0,0,0,0,0.00059,0.00059,0.00059,
org.apache.tools.zip.ExtraFieldUtils,2,8,10,0,0,0,0,0,0,0.00059,0.00059,0.00059,
org.apache.tools.zip.ZipEntry,12,31,43,0,0,0,0,0,0,0.00059,0.00059,0.00059,
org.apache.tools.zip.ZipFile,9,15,24,0,0,0,0,0,0,0.00059,0.00059,0.00059,
org.apache.tools.zip.ZipFile$BoundedInputStream,4,4,8,0,0,0,0,0,0,0.00059,0.00059,0.00059,
org.apache.tools.zip.ZipLong,1,7,8,0,0,0,0,0,0,0.00059,0.00059,0.00059,
org.apache.tools.zip.ZipOutputStream,26,25,51,0,0,0,0,0,0,0.00059,0.00059,0.00059,
