Classname,NoF,NoM,SIZE,CONN_IN,CONN_OUT,CONN_TOTAL,CONN_IN_W,CONN_OUT_W,CONN_TOTAL_W,PR,PR_U,PR_U2_W,
org.apache.tools.ant.BuildException,2,15,17,216,1,217,545,15,560,0.07878,0.04473,0.02403,
org.apache.tools.ant.Project,34,100,134,191,23,214,1139,226,1365,0.07586,0.03939,0.05074,
org.apache.tools.ant.Task,8,30,38,110,7,117,594,93,687,0.02415,0.02294,0.02484,
org.apache.tools.ant.Location,4,8,12,76,1,77,137,6,143,0.07684,0.01521,0.006,
org.apache.tools.ant.util.FileUtils,9,37,46,46,7,53,371,41,412,0.08162,0.00988,0.01475,
org.apache.tools.ant.types.Path,2,30,32,39,13,52,548,106,654,0.0088,0.00932,0.01892,
org.apache.tools.ant.types.AbstractFileSet,7,50,57,23,29,52,130,183,313,0.00342,0.00961,0.00859,
org.apache.tools.ant.types.EnumeratedAttribute,2,8,10,43,1,44,135,2,137,0.01615,0.01255,0.01182,
org.apache.tools.ant.IntrospectionHelper,26,33,59,18,24,42,141,105,246,0.00417,0.00608,0.00915,
org.apache.tools.ant.taskdefs.Javadoc,33,85,118,7,32,39,52,296,348,0.00257,0.00779,0.00906,
org.apache.tools.ant.DirectoryScanner,22,53,75,28,9,37,131,57,188,0.00271,0.00722,0.00596,
org.apache.tools.ant.taskdefs.MatchingTask,1,42,43,11,26,37,39,109,148,0.00107,0.0069,0.00392,
org.apache.tools.ant.ProjectComponent,1,5,6,36,1,37,128,12,140,0.01959,0.00727,0.00634,
org.apache.tools.ant.types.Reference,1,5,6,33,2,35,202,8,210,0.00588,0.00657,0.00779,
org.apache.tools.ant.Target,7,23,30,28,6,34,194,52,246,0.01171,0.00618,0.0087,
org.apache.tools.ant.taskdefs.Execute,19,30,49,13,20,33,146,97,243,0.0013,0.00667,0.00675,
org.apache.tools.ant.types.Commandline,3,30,33,28,4,32,307,23,330,0.00396,0.00585,0.00868,
org.apache.tools.ant.types.FilterChain,1,25,26,5,26,31,24,102,126,0.0014,0.00658,0.00376,
org.apache.tools.ant.UnknownElement,6,28,34,17,13,30,170,109,279,0.00924,0.00481,0.00837,
org.apache.tools.ant.taskdefs.Zip,23,38,61,3,25,28,12,186,198,0.0006,0.00596,0.00484,
org.apache.tools.ant.types.selectors.BaseSelectorContainer,1,28,29,5,23,28,15,97,112,0.00214,0.00434,0.00349,
org.apache.tools.ant.types.FileSet,0,3,3,25,2,27,165,4,169,0.00229,0.00518,0.0047,
org.apache.tools.ant.taskdefs.Delete,9,41,50,0,27,27,0,104,104,0.00046,0.00496,0.0026,
org.apache.tools.ant.ComponentHelper,14,34,48,8,16,24,74,137,211,0.00467,0.00426,0.0068,
org.apache.tools.ant.types.Parameter,3,7,10,24,0,24,162,0,162,0.00591,0.00501,0.00861,
org.apache.tools.ant.AntClassLoader,20,49,69,16,8,24,98,47,145,0.00565,0.00444,0.00499,
org.apache.tools.ant.types.Commandline$Argument,1,7,8,19,5,24,115,23,138,0.00398,0.00453,0.00408,
org.apache.tools.ant.ProjectHelper,6,18,24,16,8,24,65,57,122,0.00331,0.00424,0.0042,
org.apache.tools.ant.taskdefs.Javac,28,75,103,8,15,23,89,93,182,0.00175,0.00435,0.00484,
org.apache.tools.ant.taskdefs.Rmic,21,48,69,6,17,23,67,104,171,0.00117,0.00422,0.00445,
org.apache.tools.ant.helper.ProjectHelper2,5,9,14,7,16,23,26,110,136,0.00129,0.00336,0.0036,
org.apache.tools.ant.taskdefs.condition.ConditionBase,1,20,21,5,18,23,15,71,86,0.00122,0.0046,0.00321,
org.apache.tools.ant.types.selectors.SelectorContainer,0,24,24,3,20,23,9,63,72,0.00067,0.00431,0.00171,
org.apache.tools.ant.filters.TokenFilter,5,19,24,6,16,22,23,74,97,0.00124,0.00412,0.00453,
org.apache.tools.ant.taskdefs.Java,12,48,60,0,21,21,0,223,223,0.00046,0.00444,0.00423,
org.apache.tools.ant.taskdefs.compilers.DefaultCompilerAdapter,23,21,44,8,12,20,48,158,206,0.00112,0.0039,0.00472,
org.apache.tools.ant.helper.ProjectHelperImpl,7,14,21,9,11,20,97,79,176,0.00228,0.00319,0.00515,
org.apache.tools.ant.taskdefs.ExecuteOn,16,23,39,2,18,20,9,102,111,0.00088,0.00414,0.00286,
org.apache.tools.ant.util.FileNameMapper,0,3,3,20,0,20,84,0,84,0.00454,0.00425,0.00373,
org.apache.tools.ant.RuntimeConfigurable,11,21,32,11,8,19,151,42,193,0.00683,0.00351,0.00673,
org.apache.tools.ant.taskdefs.MacroDef,7,19,26,5,14,19,39,94,133,0.00134,0.00314,0.00347,
org.apache.tools.ant.types.selectors.modifiedselector.ModifiedSelector,11,18,29,5,14,19,19,100,119,0.00072,0.00509,0.00619,
org.apache.tools.ant.types.DataType,3,15,18,15,4,19,57,26,83,0.00545,0.00364,0.00355,
org.apache.tools.ant.taskdefs.condition.Condition,0,1,1,19,0,19,82,0,82,0.01167,0.00443,0.00473,
org.apache.tools.ant.filters.BaseFilterReader,3,10,13,17,2,19,57,13,70,0.00346,0.00434,0.00353,
org.apache.tools.ant.filters.ChainableReader,0,1,1,19,0,19,61,0,61,0.00337,0.00433,0.00322,
org.apache.tools.ant.taskdefs.ExecTask,15,36,51,4,14,18,33,130,163,0.00063,0.00357,0.00383,
org.apache.tools.ant.types.PropertySet,6,17,23,6,12,18,37,84,121,0.00075,0.0038,0.00381,
org.apache.tools.ant.taskdefs.XSLTProcess,21,30,51,1,17,18,3,116,119,0.00067,0.00455,0.00415,
org.apache.tools.ant.taskdefs.Copy,21,31,52,2,16,18,12,99,111,0.00062,0.00359,0.00315,
org.apache.tools.ant.util.JavaEnvUtils,14,11,25,16,2,18,56,13,69,0.01536,0.00353,0.00284,
org.apache.tools.ant.taskdefs.Ant,12,24,36,2,15,17,63,150,213,0.00053,0.00331,0.00524,
org.apache.tools.ant.taskdefs.AbstractCvsTask,24,42,66,4,13,17,21,100,121,0.00118,0.00385,0.00351,
org.apache.tools.ant.taskdefs.Concat,16,28,44,2,15,17,19,95,114,0.00076,0.00328,0.00302,
org.apache.tools.ant.types.XMLCatalog,9,30,39,4,12,16,62,93,155,0.00095,0.00339,0.0048,
org.apache.tools.ant.taskdefs.MacroInstance,10,9,19,1,15,16,6,137,143,0.00058,0.0034,0.00351,
org.apache.tools.ant.filters.util.ChainReaderHelper,8,10,18,4,12,16,54,56,110,0.01053,0.003,0.00372,
org.apache.tools.ant.taskdefs.Definer,11,22,33,4,12,16,22,59,81,0.0022,0.00346,0.00283,
org.apache.tools.ant.types.selectors.FileSelector,0,1,1,15,0,15,93,0,93,0.00418,0.00289,0.00427,
org.apache.tools.ant.taskdefs.SubAnt,11,23,34,0,14,14,0,149,149,0.00046,0.00272,0.0031,
org.apache.tools.ant.types.Mapper,5,11,16,6,8,14,65,61,126,0.00083,0.00276,0.00412,
org.apache.tools.ant.Main,19,23,42,1,13,14,3,93,96,0.00057,0.00317,0.00337,
org.apache.tools.ant.taskdefs.cvslib.ChangeLogTask,7,15,22,0,14,14,0,86,86,0.00046,0.00341,0.00263,
org.apache.tools.ant.helper.ProjectHelperImpl$NestedElementHandler,5,4,9,2,12,14,10,67,77,0.00059,0.00256,0.00191,
org.apache.tools.ant.filters.BaseParamFilterReader,1,4,5,11,3,14,33,16,49,0.00149,0.00325,0.00254,
org.apache.tools.ant.util.StringUtils,1,6,7,14,0,14,45,0,45,0.00512,0.00318,0.00204,
org.apache.tools.ant.taskdefs.condition.Os,8,13,21,12,2,14,39,5,44,0.02091,0.00287,0.0023,
org.apache.tools.ant.taskdefs.rmic.DefaultRmicAdapter,3,16,19,4,9,13,27,93,120,0.00077,0.00242,0.00268,
org.apache.tools.ant.taskdefs.FixCRLF,32,19,51,1,12,13,12,100,112,0.0007,0.00284,0.00344,
org.apache.tools.ant.taskdefs.PathConvert,10,16,26,1,12,13,10,81,91,0.00068,0.00264,0.00289,
org.apache.tools.ant.helper.ProjectHelperImpl$TaskHandler,5,4,9,2,11,13,10,76,86,0.00068,0.00218,0.00246,
org.apache.tools.ant.helper.ProjectHelper2$ElementHandler,0,5,5,1,12,13,2,80,82,0.00053,0.00235,0.00206,
org.apache.tools.ant.types.FilterSet,8,21,29,7,6,13,51,30,81,0.01727,0.00257,0.00446,
org.apache.tools.ant.taskdefs.Jar,14,23,37,2,11,13,6,73,79,0.00056,0.00301,0.00188,
org.apache.tools.ant.taskdefs.Expand,7,10,17,1,12,13,3,66,69,0.00052,0.00272,0.00177,
org.apache.tools.ant.types.selectors.ExtendSelector,4,10,14,5,8,13,19,46,65,0.00072,0.00247,0.00211,
org.apache.tools.ant.DefaultLogger,7,16,23,6,7,13,26,35,61,0.00109,0.00313,0.00238,
org.apache.tools.ant.taskdefs.Chmod,3,18,21,0,13,13,0,53,53,0.00046,0.0025,0.00131,
org.apache.tools.ant.taskdefs.UpToDate,6,11,17,1,12,13,4,48,52,0.00052,0.0026,0.00142,
org.apache.tools.ant.taskdefs.compilers.CompilerAdapterFactory,2,5,7,1,12,13,3,33,36,0.00056,0.0027,0.00112,
org.apache.tools.ant.types.CommandlineJava,9,35,44,2,10,12,67,126,193,0.00053,0.00224,0.00415,
org.apache.tools.ant.taskdefs.Property,11,35,46,4,8,12,61,62,123,0.00062,0.00232,0.003,
org.apache.tools.ant.BuildEvent,6,11,17,9,3,12,83,34,117,0.00841,0.00242,0.00474,
org.apache.tools.ant.taskdefs.Tar,12,12,24,0,12,12,0,115,115,0.00046,0.00313,0.00304,
org.apache.tools.ant.types.PatternSet,4,22,26,7,5,12,78,34,112,0.00114,0.00215,0.00355,
org.apache.tools.ant.taskdefs.Redirector,16,21,37,2,10,12,68,36,104,0.00052,0.00302,0.0031,
org.apache.tools.ant.taskdefs.email.EmailTask,23,30,53,1,11,12,3,97,100,0.00085,0.00301,0.0032,
org.apache.tools.ant.taskdefs.Available,11,20,31,1,11,12,4,81,85,0.00052,0.00252,0.00265,
org.apache.tools.ant.XmlLogger,18,16,34,0,12,12,0,81,81,0.00046,0.00304,0.00305,
org.apache.tools.ant.util.SourceFileScanner,3,4,7,6,6,12,30,33,63,0.00076,0.0025,0.00213,
org.apache.tools.ant.taskdefs.Execute$CommandLauncher,0,4,4,9,3,12,46,13,59,0.00193,0.00288,0.00291,
org.apache.tools.ant.TaskContainer,0,1,1,11,1,12,45,3,48,0.00385,0.00268,0.00196,
org.apache.tools.ant.types.selectors.PresentSelector,4,7,11,5,7,12,19,27,46,0.00072,0.00244,0.0016,
org.apache.tools.ant.AntTypeDefinition,7,20,27,7,4,11,113,24,137,0.00172,0.00235,0.00487,
org.apache.tools.ant.taskdefs.ExecuteJava,9,11,20,1,10,11,17,89,106,0.00048,0.00251,0.00288,
org.apache.tools.ant.types.ZipFileSet,10,19,29,4,7,11,53,42,95,0.00062,0.00223,0.00235,
org.apache.tools.ant.taskdefs.Antlib,5,8,13,1,10,11,8,63,71,0.00062,0.00223,0.00206,
org.apache.tools.ant.taskdefs.SQLExec,18,20,38,1,10,11,12,48,60,0.00092,0.00253,0.00195,
org.apache.tools.ant.types.Assertions,2,12,14,2,9,11,23,37,60,0.00052,0.00242,0.0021,
org.apache.tools.ant.types.selectors.DateSelector,10,11,21,5,6,11,19,26,45,0.00072,0.00233,0.00196,
org.apache.tools.ant.types.selectors.ContainsRegexpSelector,4,6,10,5,6,11,19,26,45,0.00072,0.00215,0.0016,
org.apache.tools.ant.types.selectors.BaseExtendSelector,1,4,5,8,3,11,24,16,40,0.00146,0.00233,0.00209,
org.apache.tools.ant.taskdefs.rmic.WLRmic,1,5,6,1,10,11,2,30,32,0.00053,0.00217,0.00093,
org.apache.tools.ant.helper.AntXMLContext,11,26,37,7,3,10,114,38,152,0.00177,0.00213,0.00419,
org.apache.tools.ant.listener.MailLogger,1,7,8,0,10,10,0,86,86,0.00046,0.00265,0.00279,
org.apache.tools.ant.taskdefs.Parallel,14,19,33,2,8,10,30,53,83,0.00121,0.00218,0.00307,
org.apache.tools.ant.taskdefs.Replace,13,22,35,2,8,10,21,58,79,0.00128,0.00193,0.00253,
org.apache.tools.ant.types.FileList,2,8,10,6,4,10,52,17,69,0.00124,0.002,0.00225,
org.apache.tools.ant.types.RegularExpression,3,6,9,4,6,10,40,27,67,0.00075,0.00208,0.0024,
org.apache.tools.ant.types.selectors.SizeSelector,7,8,15,5,5,10,19,26,45,0.00072,0.0023,0.00215,
org.apache.tools.ant.taskdefs.PreSetDef,2,4,6,0,10,10,0,40,40,0.00046,0.00205,0.00107,
org.apache.tools.ant.types.selectors.ContainsSelector,7,8,15,5,5,10,19,19,38,0.00072,0.00197,0.00147,
org.apache.tools.ant.taskdefs.LogOutputStream,7,9,16,9,1,10,26,9,35,0.00144,0.00242,0.00145,
org.apache.tools.ant.filters.TokenFilter$ChainableReaderFilter,1,4,5,5,5,10,15,19,34,0.00181,0.0024,0.00173,
org.apache.tools.zip.ZipFile,9,15,24,4,5,9,35,53,88,0.00117,0.00239,0.00298,
org.apache.tools.ant.taskdefs.PreSetDef$PreSetDefinition,2,16,18,5,4,9,23,46,69,0.00151,0.00178,0.0023,
org.apache.tools.ant.taskdefs.CallTarget,4,14,18,0,9,9,0,57,57,0.00046,0.00185,0.00116,
org.apache.tools.ant.util.ClasspathUtils,2,11,13,2,7,9,10,44,54,0.0007,0.00166,0.00176,
org.apache.tools.ant.types.PatternSet$NameEntry,4,8,12,7,2,9,37,13,50,0.00092,0.00165,0.00177,
org.apache.tools.ant.types.Description,0,5,5,1,8,9,3,44,47,0.00326,0.00162,0.0015,
org.apache.tools.ant.taskdefs.SignJar,14,19,33,0,9,9,0,46,46,0.00046,0.0018,0.00118,
org.apache.tools.ant.filters.TokenFilter$ContainsRegex,9,6,15,2,7,9,8,35,43,0.00057,0.00177,0.00143,
org.apache.tools.ant.types.selectors.MappingSelector,4,7,11,2,7,9,12,29,41,0.00096,0.00187,0.00158,
org.apache.tools.ant.filters.TokenFilter$ReplaceRegex,8,6,14,2,7,9,8,32,40,0.00057,0.00177,0.00132,
org.apache.tools.ant.taskdefs.Touch,5,8,13,0,9,9,0,37,37,0.00046,0.0018,0.00109,
org.apache.tools.ant.filters.LineContainsRegExp,3,8,11,1,8,9,4,32,36,0.00051,0.00198,0.00129,
org.apache.tools.ant.types.selectors.FilenameSelector,6,8,14,5,4,9,19,17,36,0.00072,0.0018,0.0014,
org.apache.tools.ant.IntrospectionHelper$AttributeSetter,0,1,1,8,1,9,30,3,33,0.00162,0.00224,0.00164,
org.apache.tools.ant.taskdefs.Checksum,16,20,36,1,8,9,4,27,31,0.00052,0.00184,0.00098,
org.apache.tools.ant.taskdefs.Manifest,14,17,31,3,5,8,51,76,127,0.00063,0.0021,0.00391,
org.apache.tools.zip.ZipEntry,12,31,43,5,3,8,79,27,106,0.00104,0.00224,0.00403,
org.apache.tools.zip.ZipOutputStream,26,25,51,5,3,8,41,53,94,0.00082,0.00214,0.00294,
org.apache.tools.ant.types.Resource,4,14,18,8,0,8,88,0,88,0.0034,0.00186,0.00417,
org.apache.tools.ant.IntrospectionHelper$Creator,5,6,11,3,5,8,21,41,62,0.00194,0.00175,0.00253,
org.apache.tools.ant.types.AntFilterReader,3,10,13,2,6,8,14,39,53,0.00125,0.00164,0.00187,
org.apache.tools.ant.taskdefs.compilers.Jikes,0,2,2,1,7,8,2,49,51,0.0005,0.00164,0.00128,
org.apache.tools.ant.helper.ProjectHelperImpl$DataTypeHandler,3,4,7,1,7,8,5,44,49,0.00064,0.00149,0.00133,
org.apache.tools.ant.taskdefs.DefBase,2,12,14,2,6,8,6,41,47,0.00086,0.00171,0.00121,
org.apache.tools.ant.taskdefs.Patch,4,11,15,0,8,8,0,47,47,0.00046,0.00168,0.00122,
org.apache.tools.ant.IntrospectionHelper$NestedCreator,0,5,5,7,1,8,43,3,46,0.00181,0.00197,0.0022,
org.apache.tools.ant.taskdefs.compilers.Gcj,0,3,3,1,7,8,2,44,46,0.0005,0.00165,0.00121,
org.apache.tools.ant.taskdefs.compilers.Jvc,0,2,2,1,7,8,2,43,45,0.0005,0.00164,0.00117,
org.apache.tools.ant.taskdefs.ManifestTask,4,7,11,0,8,8,0,44,44,0.00046,0.00206,0.00134,
org.apache.tools.ant.types.Environment$Variable,2,8,10,6,2,8,36,8,44,0.00137,0.00173,0.00162,
org.apache.tools.ant.taskdefs.ExecuteStreamHandler,0,5,5,8,0,8,42,0,42,0.00137,0.00189,0.00185,
org.apache.tools.ant.taskdefs.JDBCTask,11,26,37,1,7,8,3,38,41,0.00054,0.00168,0.00124,
org.apache.tools.ant.types.selectors.SelectSelector,2,13,15,5,3,8,19,21,40,0.00072,0.00141,0.0015,
org.apache.tools.ant.types.selectors.TypeSelector,2,6,8,4,4,8,15,20,35,0.0007,0.00183,0.00173,
org.apache.tools.ant.taskdefs.DependSet,4,6,10,0,8,8,0,35,35,0.00046,0.00162,0.00099,
org.apache.tools.ant.taskdefs.Ear,3,8,11,0,8,8,0,34,34,0.00046,0.00174,0.00088,
org.apache.tools.ant.taskdefs.War,3,10,13,0,8,8,0,34,34,0.00046,0.00174,0.00088,
org.apache.tools.ant.types.selectors.DepthSelector,4,7,11,5,3,8,19,13,32,0.00072,0.00161,0.00133,
org.apache.tools.ant.filters.TokenFilter$DeleteCharacters,1,6,7,3,5,8,18,14,32,0.00083,0.00157,0.00152,
org.apache.tools.ant.types.selectors.NoneSelector,0,3,3,6,2,8,22,9,31,0.00133,0.00142,0.00125,
org.apache.tools.ant.types.selectors.BaseSelector,1,6,7,5,3,8,21,8,29,0.00123,0.00164,0.00132,
org.apache.tools.ant.taskdefs.Move,0,7,7,0,8,8,0,27,27,0.00046,0.0017,0.0009,
org.apache.tools.ant.taskdefs.rmic.SunRmic,3,3,6,1,7,8,2,23,25,0.00053,0.00171,0.00083,
org.apache.tools.ant.taskdefs.PumpStreamHandler,6,15,21,6,2,8,17,6,23,0.00095,0.00218,0.00153,
org.apache.tools.ant.taskdefs.Manifest$Section,4,18,22,3,4,7,61,43,104,0.00069,0.00189,0.00425,
org.apache.tools.ant.taskdefs.email.Mailer,15,18,33,3,4,7,74,24,98,0.00069,0.00191,0.00325,
org.apache.tools.ant.types.ZipScanner,4,9,13,2,5,7,25,45,70,0.00056,0.00167,0.00234,
org.apache.tools.ant.util.ClasspathUtils$Delegate,6,13,19,2,5,7,26,44,70,0.00067,0.0013,0.00209,
org.apache.tools.ant.types.CommandlineJava$SysProperties,2,9,11,3,4,7,35,25,60,0.00056,0.00158,0.00166,
org.apache.tools.ant.helper.ProjectHelper2$ProjectHandler,0,3,3,1,6,7,2,58,60,0.00053,0.00134,0.00155,
org.apache.tools.ant.helper.ProjectHelper2$AntHandler,0,7,7,6,1,7,53,6,59,0.00096,0.00162,0.00171,
org.apache.tools.zip.ZipShort,1,7,8,7,0,7,54,0,54,0.00294,0.00235,0.00323,
org.apache.tools.ant.helper.ProjectHelper2$TargetHandler,0,4,4,1,6,7,2,51,53,0.00053,0.00134,0.00149,
org.apache.tools.ant.helper.ProjectHelperImpl$ProjectHandler,0,4,4,1,6,7,5,46,51,0.0006,0.00155,0.00138,
org.apache.tools.ant.helper.ProjectHelperImpl$TargetHandler,1,3,4,1,6,7,5,44,49,0.00054,0.00151,0.00146,
org.apache.tools.ant.util.ResourceUtils,0,2,2,2,5,7,6,42,48,0.00059,0.00159,0.00225,
org.apache.tools.ant.helper.ProjectHelperImpl$AbstractHandler,2,4,6,6,1,7,36,12,48,0.00097,0.00158,0.00144,
org.apache.tools.ant.taskdefs.email.PlainMailer,0,3,3,2,5,7,5,39,44,0.00072,0.00215,0.00191,
org.apache.tools.ant.taskdefs.Tstamp$CustomFormat,9,9,18,1,6,7,11,33,44,0.00055,0.00157,0.00211,
org.apache.tools.ant.taskdefs.Sync,1,15,16,1,6,7,3,39,42,0.00058,0.00135,0.00136,
org.apache.tools.ant.BuildListener,0,7,7,6,1,7,37,3,40,0.00472,0.0016,0.00228,
org.apache.tools.ant.taskdefs.compilers.Kjc,1,4,5,1,6,7,2,38,40,0.0005,0.00147,0.00112,
org.apache.tools.ant.taskdefs.GenerateKey,12,14,26,0,7,7,0,37,37,0.00046,0.00182,0.00125,
org.apache.tools.ant.taskdefs.Untar,1,4,5,0,7,7,0,36,36,0.00046,0.00202,0.00127,
org.apache.tools.ant.taskdefs.LoadProperties,3,5,8,0,7,7,0,36,36,0.00046,0.00149,0.00098,
org.apache.tools.ant.taskdefs.ImportTask,3,6,9,0,7,7,0,36,36,0.00046,0.00147,0.00117,
org.apache.tools.ant.types.DirSet,0,3,3,5,2,7,31,4,35,0.00122,0.00151,0.00119,
org.apache.tools.ant.taskdefs.Execute$CommandLauncherProxy,1,2,3,5,2,7,15,16,31,0.00115,0.00179,0.00146,
org.apache.tools.ant.types.selectors.DifferentSelector,2,3,5,4,3,7,15,16,31,0.0007,0.00144,0.00112,
org.apache.tools.ant.filters.ReplaceTokens,9,13,22,1,6,7,4,26,30,0.00051,0.00184,0.00166,
org.apache.tools.ant.util.regexp.Regexp,2,1,3,6,1,7,26,3,29,0.00096,0.00161,0.00143,
org.apache.tools.ant.TypeAdapter,0,5,5,6,1,7,23,6,29,0.0033,0.0015,0.00149,
org.apache.tools.ant.taskdefs.AntlibDefinition,2,5,7,5,2,7,23,5,28,0.001,0.00152,0.00104,
org.apache.tools.ant.types.selectors.DependSelector,0,3,3,5,2,7,19,9,28,0.00072,0.00145,0.00098,
org.apache.tools.ant.types.selectors.AndSelector,0,3,3,5,2,7,19,9,28,0.00072,0.00124,0.00107,
org.apache.tools.ant.types.selectors.MajoritySelector,1,4,5,5,2,7,19,9,28,0.00072,0.00124,0.00107,
org.apache.tools.ant.types.selectors.OrSelector,0,3,3,5,2,7,19,9,28,0.00072,0.00124,0.00107,
org.apache.tools.ant.input.InputHandler,0,1,1,6,1,7,24,3,27,0.00409,0.00184,0.00177,
org.apache.tools.ant.input.DefaultInputHandler,0,4,4,2,5,7,4,21,25,0.0033,0.00208,0.00207,
org.apache.tools.ant.taskdefs.Execute$Java13CommandLauncher,1,2,3,2,5,7,5,20,25,0.00073,0.00142,0.001,
org.apache.tools.ant.taskdefs.LogStreamHandler,0,2,2,3,4,7,9,12,21,0.00064,0.0016,0.0009,
org.apache.tools.ant.taskdefs.rmic.RmicAdapterFactory,0,3,3,1,6,7,3,18,21,0.00052,0.00154,0.0008,
org.apache.tools.tar.TarEntry,19,35,54,4,2,6,52,18,70,0.00098,0.00265,0.00382,
org.apache.tools.ant.helper.ProjectHelper2$RootHandler,3,10,13,1,5,6,11,56,67,0.00053,0.00117,0.0017,
org.apache.tools.ant.types.Permissions,6,12,18,3,3,6,38,18,56,0.00066,0.00168,0.00273,
org.apache.tools.ant.taskdefs.ExecuteWatchdog,5,9,14,3,3,6,27,20,47,0.00057,0.00155,0.00179,
org.apache.tools.ant.taskdefs.RecorderEntry,6,16,22,1,5,6,19,26,45,0.00053,0.00147,0.00154,
org.apache.tools.ant.types.XMLCatalog$ExternalResolver,7,4,11,1,5,6,2,42,44,0.00053,0.00145,0.00136,
org.apache.tools.ant.taskdefs.FixCRLF$OneLiner,8,8,16,2,4,6,26,18,44,0.00115,0.00115,0.00151,
org.apache.tools.ant.taskdefs.Recorder,6,9,15,0,6,6,0,40,40,0.00046,0.00167,0.00142,
org.apache.tools.ant.taskdefs.email.Message,5,11,16,4,2,6,34,6,40,0.00083,0.00156,0.00159,
org.apache.tools.ant.taskdefs.Javadoc$ExtensionInfo,2,7,9,2,4,6,14,26,40,0.00068,0.00145,0.00125,
org.apache.tools.ant.util.LineTokenizer,3,4,7,4,2,6,31,6,37,0.01061,0.00148,0.00196,
org.apache.tools.ant.types.FilterSetCollection,1,5,6,5,1,6,26,11,37,0.01331,0.00134,0.00175,
org.apache.tools.ant.types.selectors.SelectorUtils,1,17,18,5,1,6,29,8,37,0.00133,0.00134,0.00189,
org.apache.tools.ant.types.Substitution,2,4,6,2,4,6,18,14,32,0.0006,0.00133,0.00123,
org.apache.tools.ant.taskdefs.rmic.RmicAdapter,0,4,4,3,3,6,23,9,32,0.00067,0.00116,0.00112,
org.apache.tools.ant.taskdefs.AntStructure,10,9,19,0,6,6,0,31,31,0.00046,0.0014,0.00148,
org.apache.tools.ant.taskdefs.Tstamp,2,6,8,1,5,6,10,20,30,0.00054,0.00119,0.00119,
org.apache.tools.ant.taskdefs.LoadFile,5,7,12,0,6,6,0,29,29,0.00046,0.00132,0.00082,
org.apache.tools.ant.util.regexp.RegexpMatcherFactory,0,5,5,3,3,6,13,15,28,0.00071,0.00145,0.00147,
org.apache.tools.ant.taskdefs.condition.IsReference,2,4,6,1,5,6,4,24,28,0.00052,0.00136,0.00115,
org.apache.tools.ant.util.regexp.RegexpMatcher,4,6,10,6,0,6,27,0,27,0.00178,0.00148,0.00167,
org.apache.tools.ant.filters.HeadFilter,9,10,19,1,5,6,4,23,27,0.00051,0.00144,0.00123,
org.apache.tools.ant.filters.TailFilter,10,10,20,1,5,6,4,23,27,0.00051,0.00144,0.00123,
org.apache.tools.ant.util.regexp.RegexpFactory,0,4,4,1,5,6,7,19,26,0.00057,0.00142,0.00118,
org.apache.tools.ant.taskdefs.Concat$TextElement,5,10,15,1,5,6,12,14,26,0.0005,0.00116,0.00089,
org.apache.tools.ant.taskdefs.Input,4,7,11,0,6,6,0,25,25,0.00046,0.0016,0.00128,
org.apache.tools.ant.taskdefs.Exec,6,10,16,1,5,6,9,16,25,0.001,0.00142,0.00114,
org.apache.tools.ant.filters.LineContains,3,8,11,1,5,6,4,20,24,0.00051,0.00168,0.00142,
org.apache.tools.ant.filters.StripLineComments,3,8,11,1,5,6,4,20,24,0.00051,0.00168,0.00142,
org.apache.tools.ant.IntrospectionHelper$10,3,2,5,1,5,6,2,22,24,0.00061,0.00127,0.00143,
org.apache.tools.ant.taskdefs.Get,8,10,18,0,6,6,0,23,23,0.00046,0.00166,0.00121,
org.apache.tools.ant.TaskAdapter,2,7,9,2,4,6,6,17,23,0.00351,0.00116,0.00104,
org.apache.tools.ant.types.selectors.NotSelector,0,3,3,5,1,6,19,3,22,0.00072,0.00125,0.00084,
org.apache.tools.ant.taskdefs.Unpack,2,10,12,2,4,6,12,9,21,0.00069,0.00147,0.00107,
org.apache.tools.ant.taskdefs.compilers.Javac12,3,3,6,1,5,6,2,19,21,0.0005,0.00135,0.00074,
org.apache.tools.ant.taskdefs.rmic.KaffeRmic,1,3,4,1,5,6,2,17,19,0.00053,0.00133,0.0007,
org.apache.tools.ant.taskdefs.Copydir,6,8,14,0,6,6,0,15,15,0.00046,0.0013,0.00056,
org.apache.tools.ant.util.IdentityMapper,0,4,4,5,1,6,11,3,14,0.00083,0.00139,0.00074,
org.apache.tools.ant.taskdefs.ManifestException,0,1,1,6,0,6,10,0,10,0.00121,0.00163,0.00073,
org.apache.tools.ant.taskdefs.Manifest$Attribute,3,16,19,3,2,5,54,5,59,0.00076,0.00147,0.00307,
org.apache.tools.mail.MailMessage,21,31,52,2,3,5,38,18,56,0.00062,0.00267,0.00365,
org.apache.tools.ant.types.ResourceLocation,4,7,11,5,0,5,54,0,54,0.00138,0.0019,0.0022,
org.apache.tools.zip.ZipExtraField,0,6,6,4,1,5,44,3,47,0.00135,0.00184,0.00268,
org.apache.tools.ant.taskdefs.rmic.DefaultRmicAdapter$RmicFileNameMapper,1,4,5,1,4,5,2,39,41,0.00053,0.00099,0.00088,
org.apache.tools.ant.types.Environment,1,3,4,4,1,5,31,9,40,0.00071,0.00121,0.00125,
org.apache.tools.ant.types.resolver.ApacheCatalogResolver,2,7,9,1,4,5,11,28,39,0.00104,0.00151,0.00142,
org.apache.tools.ant.taskdefs.XmlProperty,17,28,45,0,5,5,0,36,36,0.00046,0.00113,0.00122,
org.apache.tools.ant.taskdefs.WhichResource,4,8,12,0,5,5,0,35,35,0.00046,0.00113,0.00109,
org.apache.tools.ant.helper.ProjectHelperImpl$RootHandler,1,4,5,1,4,5,2,33,35,0.00064,0.00098,0.00096,
org.apache.tools.ant.types.Path$PathElement,2,4,6,3,2,5,21,13,34,0.00113,0.00099,0.00132,
org.apache.tools.ant.types.Permissions$MySM,1,5,6,1,4,5,3,30,33,0.00065,0.00198,0.00212,
org.apache.tools.ant.input.InputRequest,2,5,7,5,0,5,31,0,31,0.00561,0.00156,0.00276,
org.apache.tools.bzip2.CBZip2OutputStream,41,33,74,2,3,5,7,23,30,0.00077,0.00243,0.00308,
org.apache.tools.ant.util.GlobPatternMapper,6,5,11,4,1,5,26,3,29,0.00136,0.00186,0.00174,
org.apache.tools.ant.taskdefs.Javadoc$TagArgument,5,6,11,1,4,5,11,18,29,0.00053,0.001,0.00086,
org.apache.tools.ant.taskdefs.MacroDef$MyAntTypeDefinition,1,4,5,1,4,5,3,26,29,0.00054,0.001,0.00082,
org.apache.tools.ant.taskdefs.Sync$MyCopy,1,5,6,1,4,5,12,16,28,0.00054,0.00103,0.001,
org.apache.tools.ant.BuildLogger,0,4,4,4,1,5,24,3,27,0.00075,0.00132,0.00119,
org.apache.tools.ant.util.JAXPUtils,4,13,17,3,2,5,11,13,24,0.00077,0.00118,0.00102,
org.apache.tools.ant.taskdefs.compilers.JavacExternal,0,2,2,1,4,5,2,21,23,0.0005,0.00115,0.00068,
org.apache.tools.ant.util.LoaderUtils,1,8,9,3,2,5,15,7,22,0.00152,0.00126,0.00122,
org.apache.tools.ant.taskdefs.compilers.Sj,0,2,2,1,4,5,2,19,21,0.0005,0.00115,0.00064,
org.apache.tools.ant.IntrospectionHelper$1,2,6,8,2,3,5,7,14,21,0.00094,0.00104,0.00094,
org.apache.tools.ant.taskdefs.WaitFor,5,7,12,0,5,5,0,20,20,0.00046,0.00135,0.00116,
org.apache.tools.ant.taskdefs.Execute$Java11CommandLauncher,0,3,3,1,4,5,2,18,20,0.00052,0.00131,0.00102,
org.apache.tools.ant.loader.AntClassLoader2,3,8,11,0,5,5,0,20,20,0.00046,0.00131,0.00068,
org.apache.tools.ant.IntrospectionHelper$2,3,6,9,1,4,5,3,17,20,0.00061,0.00104,0.00081,
org.apache.tools.ant.IntrospectionHelper$3,3,6,9,1,4,5,3,17,20,0.00061,0.00104,0.00081,
org.apache.tools.ant.IntrospectionHelper$11,4,2,6,1,4,5,2,18,20,0.00061,0.00103,0.00087,
org.apache.tools.ant.taskdefs.compilers.Javac13,1,2,3,1,4,5,2,17,19,0.0005,0.00114,0.00067,
org.apache.tools.ant.taskdefs.Pack,2,9,11,2,3,5,12,6,18,0.00069,0.00132,0.00105,
org.apache.tools.ant.filters.PrefixLines,3,7,10,1,4,5,4,14,18,0.00051,0.00123,0.00089,
org.apache.tools.ant.filters.StripLineBreaks,3,7,10,1,4,5,4,14,18,0.00051,0.00123,0.00089,
org.apache.tools.ant.filters.TabsToSpaces,4,7,11,1,4,5,4,14,18,0.00051,0.00123,0.00089,
org.apache.tools.ant.IntrospectionHelper$6,3,2,5,1,4,5,2,16,18,0.00061,0.00103,0.00081,
org.apache.tools.ant.IntrospectionHelper$8,2,2,4,1,4,5,2,16,18,0.00061,0.00103,0.00081,
org.apache.tools.ant.taskdefs.cvslib.RedirectingStreamHandler,0,3,3,1,4,5,5,12,17,0.00049,0.00149,0.0008,
org.apache.tools.ant.filters.TokenFilter$FileTokenizer,0,3,3,2,3,5,7,9,16,0.00083,0.00128,0.00096,
org.apache.tools.ant.taskdefs.Execute$MacCommandLauncher,0,2,2,1,4,5,2,14,16,0.00052,0.00106,0.00071,
org.apache.tools.ant.Diagnostics,4,17,21,1,4,5,5,10,15,0.0005,0.00138,0.00099,
org.apache.tools.ant.taskdefs.condition.IsSet,1,3,4,1,4,5,4,11,15,0.00052,0.0012,0.00078,
org.apache.tools.ant.taskdefs.Rename,3,5,8,0,5,5,0,15,15,0.00046,0.00114,0.00066,
org.apache.tools.ant.taskdefs.Filter,3,6,9,0,5,5,0,14,14,0.00046,0.00117,0.00063,
org.apache.tools.ant.taskdefs.Echo,4,7,11,0,5,5,0,13,13,0.00046,0.00129,0.00072,
org.apache.tools.ant.PropertyHelper,5,20,25,2,2,4,34,23,57,0.00362,0.0008,0.00282,
org.apache.tools.zip.ExtraFieldUtils,2,8,10,1,3,4,7,39,46,0.00076,0.00147,0.00247,
org.apache.tools.ant.taskdefs.Tar$TarFileSet,8,17,25,1,3,4,30,16,46,0.00049,0.00101,0.00133,
org.apache.tools.ant.taskdefs.Javadoc$GroupArgument,3,7,10,1,3,4,13,28,41,0.00053,0.00121,0.00143,
org.apache.tools.ant.taskdefs.cvslib.CVSEntry,4,9,13,3,1,4,36,3,39,0.0014,0.00155,0.00242,
org.apache.tools.ant.util.Watchdog,3,7,10,3,1,4,30,9,39,0.00442,0.00098,0.00214,
org.apache.tools.ant.taskdefs.Replace$Replacefilter,4,9,13,1,3,4,19,19,38,0.0006,0.001,0.00125,
org.apache.tools.ant.types.XMLCatalog$InternalResolver,1,3,4,1,3,4,2,32,34,0.00053,0.00112,0.00117,
org.apache.tools.ant.types.Commandline$Marker,3,2,5,2,2,4,13,18,31,0.00134,0.0008,0.00111,
org.apache.tools.ant.taskdefs.cvslib.CvsTagDiff,13,12,25,0,4,4,0,30,30,0.00046,0.00131,0.00147,
org.apache.tools.ant.taskdefs.cvslib.ChangeLogParser,14,12,26,3,1,4,18,11,29,0.00083,0.00137,0.00159,
org.apache.tools.ant.taskdefs.Jikes,3,2,5,0,4,4,0,29,29,0.00046,0.00107,0.0009,
org.apache.tools.ant.taskdefs.MacroDef$Text,4,11,15,2,2,4,21,7,28,0.00057,0.00082,0.00094,
org.apache.tools.zip.AsiExtraField,7,20,27,0,4,4,0,26,26,0.00046,0.00178,0.00167,
org.apache.tools.ant.taskdefs.Javadoc$DocletInfo,2,3,5,1,3,4,10,16,26,0.00053,0.00104,0.00077,
org.apache.tools.ant.taskdefs.MacroDef$Attribute,3,9,12,2,2,4,19,7,26,0.00057,0.00082,0.00088,
org.apache.tools.ant.taskdefs.MacroDef$NestedSequential,1,4,5,1,3,4,12,13,25,0.00054,0.00099,0.00092,
org.apache.tools.ant.taskdefs.email.EmailAddress,2,8,10,4,0,4,24,0,24,0.00083,0.00122,0.00111,
org.apache.tools.ant.taskdefs.Ant$Reference,1,3,4,3,1,4,20,3,23,0.00056,0.00095,0.00077,
org.apache.tools.bzip2.CBZip2InputStream,45,32,77,2,2,4,5,17,22,0.0007,0.00174,0.00227,
org.apache.tools.ant.NoBannerLogger,1,4,5,0,4,4,0,22,22,0.00046,0.00104,0.00085,
org.apache.tools.ant.taskdefs.MacroDef$TemplateElement,3,9,12,2,2,4,14,7,21,0.00057,0.00082,0.00075,
org.apache.tools.ant.util.Tokenizer,0,2,2,4,0,4,20,0,20,0.00542,0.00117,0.00143,
org.apache.tools.ant.helper.ProjectHelperImpl$DescriptionHandler,0,2,2,1,3,4,2,18,20,0.00064,0.00082,0.00071,
org.apache.tools.ant.taskdefs.Untar$UntarCompressionMethod,3,4,7,1,3,4,12,7,19,0.00052,0.00132,0.00103,
org.apache.tools.ant.taskdefs.Execute$PerlScriptCommandLauncher,1,2,3,1,3,4,2,17,19,0.00052,0.00106,0.00085,
org.apache.tools.ant.taskdefs.Execute$ScriptCommandLauncher,1,2,3,1,3,4,2,17,19,0.00052,0.00106,0.00085,
org.apache.tools.ant.util.RegexpPatternMapper,3,5,8,0,4,4,0,19,19,0.00046,0.00106,0.0011,
org.apache.tools.ant.IntrospectionHelper$7,2,2,4,1,3,4,2,17,19,0.00061,0.00085,0.00079,
org.apache.tools.ant.util.facade.ImplementationSpecificArgument,1,3,4,3,1,4,15,3,18,0.00144,0.00136,0.00112,
org.apache.tools.ant.filters.TokenFilter$Filter,0,1,1,4,0,4,18,0,18,0.00112,0.00114,0.00126,
org.apache.tools.ant.util.MergingMapper,1,4,5,3,1,4,15,3,18,0.00055,0.00104,0.00072,
org.apache.tools.ant.util.TimeoutObserver,0,1,1,3,1,4,15,3,18,0.00442,0.00098,0.0013,
org.apache.tools.ant.taskdefs.BuildNumber,3,6,9,0,4,4,0,18,18,0.00046,0.00097,0.00077,
org.apache.tools.ant.taskdefs.condition.Not,0,2,2,1,3,4,4,14,18,0.00052,0.00086,0.00103,
org.apache.tools.ant.IntrospectionHelper$9,2,2,4,1,3,4,2,16,18,0.00061,0.00085,0.00079,
org.apache.tools.ant.taskdefs.condition.FilesMatch,3,4,7,1,3,4,4,13,17,0.00052,0.00103,0.00086,
org.apache.tools.ant.helper.ProjectHelper2$MainHandler,0,2,2,1,3,4,2,15,17,0.00053,0.00084,0.00061,
org.apache.tools.ant.taskdefs.compilers.CompilerAdapter,0,2,2,3,1,4,14,3,17,0.00068,0.00081,0.00071,
org.apache.tools.ant.filters.ExpandProperties,1,4,5,1,3,4,4,12,16,0.00051,0.00103,0.00085,
org.apache.tools.ant.taskdefs.TempFile,4,6,10,0,4,4,0,16,16,0.00046,0.00097,0.00072,
org.apache.tools.ant.IntrospectionHelper$5,2,2,4,1,3,4,2,14,16,0.00061,0.00085,0.00074,
org.apache.tools.ant.IntrospectionHelper$12,4,6,10,1,3,4,2,14,16,0.00061,0.00085,0.00073,
org.apache.tools.ant.IntrospectionHelper$4,2,6,8,1,3,4,2,14,16,0.00061,0.00085,0.00073,
org.apache.tools.ant.taskdefs.Execute$OS2CommandLauncher,0,2,2,1,3,4,2,13,15,0.00052,0.00106,0.00074,
org.apache.tools.ant.taskdefs.Execute$WinNTCommandLauncher,0,2,2,1,3,4,2,13,15,0.00052,0.00106,0.00074,
org.apache.tools.ant.types.Parameterizable,0,1,1,3,1,4,12,3,15,0.00203,0.00105,0.00112,
org.apache.tools.ant.types.ResourceFactory,0,1,1,3,1,4,12,3,15,0.00092,0.00102,0.00089,
org.apache.tools.ant.types.Assertions$BaseAssertion,2,7,9,3,1,4,12,2,14,0.00138,0.00133,0.00118,
org.apache.tools.ant.taskdefs.BZip2,0,2,2,0,4,4,0,14,14,0.00046,0.00127,0.00079,
org.apache.tools.ant.taskdefs.ConditionTask,2,4,6,0,4,4,0,14,14,0.00046,0.00103,0.00083,
org.apache.tools.ant.filters.ConcatFilter,4,9,13,0,4,4,0,14,14,0.00046,0.00103,0.00075,
org.apache.tools.ant.filters.EscapeUnicode,1,5,6,1,3,4,4,9,13,0.00051,0.00106,0.00069,
org.apache.tools.ant.filters.TokenFilter$ReplaceString,2,4,6,2,2,4,8,5,13,0.00057,0.00104,0.00073,
org.apache.tools.ant.filters.TokenFilter$StringTokenizer,6,8,14,1,3,4,4,9,13,0.00053,0.0009,0.00076,
org.apache.tools.ant.taskdefs.BUnzip2,1,3,4,0,4,4,0,12,12,0.00046,0.00121,0.00065,
org.apache.tools.ant.filters.TokenFilter$ContainsString,1,3,4,1,3,4,4,8,12,0.00053,0.00107,0.00079,
org.apache.tools.ant.taskdefs.condition.Http,2,4,6,1,3,4,4,8,12,0.00052,0.00103,0.00072,
org.apache.tools.ant.taskdefs.condition.IsFalse,1,3,4,1,3,4,4,8,12,0.00052,0.00103,0.00072,
org.apache.tools.ant.taskdefs.condition.IsTrue,1,3,4,1,3,4,4,8,12,0.00052,0.00103,0.00072,
org.apache.tools.ant.taskdefs.condition.Socket,2,4,6,1,3,4,4,8,12,0.00052,0.00103,0.00072,
org.apache.tools.ant.types.selectors.ExtendFileSelector,0,0,0,2,2,4,6,6,12,0.00095,0.00102,0.00081,
org.apache.tools.ant.taskdefs.Copyfile,4,6,10,0,4,4,0,12,12,0.00046,0.00097,0.0006,
org.apache.tools.ant.taskdefs.Basename,3,5,8,0,4,4,0,9,9,0.00046,0.00097,0.00049,
org.apache.tools.ant.taskdefs.Dirname,2,4,6,0,4,4,0,9,9,0.00046,0.00097,0.00049,
org.apache.tools.ant.taskdefs.FixCRLF$OneLiner$BufferLine,6,19,25,2,1,3,48,11,59,0.00075,0.00073,0.00187,
org.apache.tools.tar.TarOutputStream,12,15,27,1,2,3,18,31,49,0.00049,0.00133,0.00197,
org.apache.tools.ant.util.facade.FacadeTaskHelper,4,9,13,2,1,3,34,9,43,0.00062,0.00093,0.00172,
org.apache.tools.zip.ZipLong,1,7,8,3,0,3,39,0,39,0.00099,0.00115,0.0018,
org.apache.tools.tar.TarInputStream,9,16,25,1,2,3,7,31,38,0.00052,0.00136,0.00178,
org.apache.tools.ant.taskdefs.Parallel$TaskRunnable,4,3,7,1,2,3,11,23,34,0.00059,0.00069,0.00122,
org.apache.tools.ant.DemuxOutputStream,7,10,17,1,2,3,3,29,32,0.0005,0.00126,0.00176,
org.apache.tools.ant.types.PropertySet$PropertyRef,5,11,16,1,2,3,26,6,32,0.00051,0.00092,0.00141,
org.apache.tools.ant.ComponentHelper$AntTypeTable,1,8,9,1,2,3,12,20,32,0.00071,0.00081,0.00118,
org.apache.tools.ant.taskdefs.cvslib.ChangeLogWriter,2,4,6,1,2,3,5,22,27,0.00049,0.00124,0.00195,
org.apache.tools.ant.taskdefs.XSLTProcess$Param,5,9,14,1,2,3,15,11,26,0.00049,0.00086,0.00105,
org.apache.tools.ant.taskdefs.ProcessDestroyer,7,8,15,2,1,3,18,7,25,0.00327,0.00112,0.0018,
org.apache.tools.ant.taskdefs.Zip$ArchiveState,2,3,5,2,1,3,13,10,23,0.00052,0.00087,0.00099,
org.apache.tools.ant.taskdefs.Replace$NestedString,2,3,5,2,1,3,16,7,23,0.00076,0.00078,0.00091,
org.apache.tools.ant.taskdefs.PathConvert$MapEntry,3,4,7,1,2,3,11,12,23,0.00051,0.00065,0.00082,
org.apache.tools.ant.taskdefs.Concat$MultiReader,6,8,14,1,2,3,2,20,22,0.0005,0.00113,0.00091,
org.apache.tools.ant.FileScanner,0,14,14,3,0,3,22,0,22,0.00084,0.00079,0.00097,
org.apache.tools.ant.taskdefs.JikesOutputParser,7,12,19,1,2,3,7,14,21,0.00056,0.00089,0.00087,
org.apache.tools.ant.taskdefs.Javadoc$DocletParam,3,5,8,2,1,3,14,7,21,0.00068,0.00079,0.00074,
org.apache.tools.zip.UnrecognizedExtraField,3,10,13,1,2,3,5,15,20,0.00067,0.0012,0.00129,
org.apache.tools.ant.Project$AntRefTable,1,3,4,1,2,3,5,15,20,0.00326,0.00062,0.00091,
org.apache.tools.ant.types.selectors.modifiedselector.Algorithm,0,2,2,3,0,3,19,0,19,0.00111,0.00141,0.00157,
org.apache.tools.ant.taskdefs.Tar$TarCompressionMethod,3,4,7,1,2,3,12,5,17,0.00049,0.00117,0.00087,
org.apache.tools.ant.types.XMLCatalog$CatalogResolver,0,2,2,3,0,3,17,0,17,0.00077,0.00106,0.00083,
org.apache.tools.ant.taskdefs.Parallel$TaskList,1,3,4,1,2,3,10,7,17,0.00059,0.00088,0.00087,
org.apache.tools.ant.PathTokenizer,4,3,7,2,1,3,14,3,17,0.00384,0.00079,0.0011,
org.apache.tools.ant.taskdefs.Javac$ImplementationSpecificArgument,1,2,3,1,2,3,6,10,16,0.00056,0.00075,0.00067,
org.apache.tools.ant.taskdefs.Rmic$ImplementationSpecificArgument,1,2,3,1,2,3,6,10,16,0.00052,0.00075,0.00065,
org.apache.tools.ant.taskdefs.condition.And,0,2,2,1,2,3,4,12,16,0.00052,0.00068,0.00096,
org.apache.tools.ant.taskdefs.condition.Or,0,2,2,1,2,3,4,12,16,0.00052,0.00068,0.00096,
org.apache.tools.ant.taskdefs.cvslib.RedirectingOutputStream,1,2,3,1,2,3,3,12,15,0.00056,0.00104,0.00078,
org.apache.tools.ant.input.PropertyFileInputHandler,2,3,5,0,3,3,0,15,15,0.00046,0.00095,0.00132,
org.apache.tools.ant.types.Mapper$MapperType,1,3,4,2,1,3,12,3,15,0.0006,0.00088,0.00093,
org.apache.tools.ant.taskdefs.MacroInstance$Element,1,3,4,1,2,3,8,7,15,0.00049,0.00083,0.00066,
org.apache.tools.ant.filters.TokenFilter$1,1,2,3,1,2,3,2,13,15,0.0006,0.00071,0.00077,
org.apache.tools.ant.taskdefs.Javadoc$JavadocOutputStream,2,3,5,1,2,3,5,10,15,0.00053,0.0007,0.00055,
org.apache.tools.ant.AntClassLoader$ResourceEnumeration,4,4,8,1,2,3,2,13,15,0.00106,0.00064,0.00067,
org.apache.tools.ant.DynamicConfigurator,0,2,2,3,0,3,14,0,14,0.00101,0.00096,0.00102,
org.apache.tools.ant.taskdefs.DefaultExcludes,5,6,11,0,3,3,0,14,14,0.00046,0.0008,0.00061,
org.apache.tools.ant.taskdefs.FixCRLF$CrLf,0,2,2,2,1,3,10,3,13,0.00055,0.00092,0.00076,
org.apache.tools.ant.taskdefs.cvslib.CvsVersion,6,7,13,1,2,3,7,6,13,0.00049,0.00086,0.00056,
org.apache.tools.ant.types.selectors.SelectorScanner,0,3,3,2,1,3,9,3,12,0.00082,0.00078,0.0007,
org.apache.tools.ant.types.PropertySet$BuiltinPropertySetName,3,2,5,2,1,3,8,3,11,0.00073,0.00097,0.00088,
org.apache.tools.ant.taskdefs.Zip$WhenEmpty,0,2,2,2,1,3,8,3,11,0.00052,0.00091,0.00067,
org.apache.tools.ant.filters.TokenFilter$IgnoreBlank,0,2,2,2,1,3,8,3,11,0.00057,0.00087,0.00065,
org.apache.tools.ant.filters.TokenFilter$Trim,0,2,2,2,1,3,8,3,11,0.00057,0.00087,0.00065,
org.apache.tools.ant.taskdefs.Definer$OnError,3,3,6,2,1,3,7,3,10,0.00086,0.00091,0.00074,
org.apache.tools.ant.filters.ClassConstants,3,5,8,1,2,3,4,6,10,0.00051,0.00086,0.00061,
org.apache.tools.ant.filters.StripJavaComments,3,4,7,1,2,3,4,6,10,0.00051,0.00086,0.00061,
org.apache.tools.ant.taskdefs.Exit,3,8,11,0,3,3,0,10,10,0.00046,0.0008,0.00054,
org.apache.tools.ant.taskdefs.XSLTProcess$Factory$Attribute,2,5,7,1,2,3,4,5,9,0.00088,0.00109,0.00082,
org.apache.tools.ant.taskdefs.Typedef,0,1,1,2,1,3,6,3,9,0.0009,0.00101,0.00057,
org.apache.tools.ant.util.CollectionUtils,0,4,4,3,0,3,9,0,9,0.00104,0.00099,0.00078,
org.apache.tools.ant.util.DateUtils,10,11,21,3,0,3,9,0,9,0.00078,0.00095,0.00064,
org.apache.tools.ant.taskdefs.XSLTLiaison2,0,1,1,1,2,3,3,6,9,0.00049,0.0009,0.00051,
org.apache.tools.ant.taskdefs.condition.Contains,3,5,8,1,2,3,4,5,9,0.00052,0.00086,0.00063,
org.apache.tools.ant.taskdefs.condition.Equals,4,6,10,1,2,3,4,5,9,0.00052,0.00086,0.00063,
org.apache.tools.ant.taskdefs.GZip,0,2,2,0,3,3,0,9,9,0.00046,0.00086,0.00059,
org.apache.tools.ant.taskdefs.Execute$VmsCommandLauncher,0,4,4,1,2,3,2,7,9,0.00052,0.00084,0.00051,
org.apache.tools.ant.taskdefs.GUnzip,1,3,4,0,3,3,0,9,9,0.00046,0.00084,0.00055,
org.apache.tools.ant.util.WeakishReference,4,5,9,1,2,3,3,5,8,0.00085,0.00117,0.00078,
org.apache.tools.ant.input.MultipleChoiceInputRequest,1,3,4,2,1,3,5,3,8,0.00109,0.00103,0.00077,
org.apache.tools.ant.taskdefs.CVSPass,4,6,10,0,3,3,0,8,8,0.00046,0.00083,0.00054,
org.apache.tools.ant.types.selectors.modifiedselector.DigestAlgorithm,4,7,11,1,2,3,2,5,7,0.0005,0.00109,0.00063,
org.apache.tools.ant.taskdefs.Deltree,1,4,5,0,3,3,0,6,6,0.00046,0.00081,0.00043,
org.apache.tools.ant.taskdefs.Mkdir,2,4,6,0,3,3,0,6,6,0.00046,0.00081,0.00043,
org.apache.tools.tar.TarBuffer,11,21,32,2,0,2,30,0,30,0.00089,0.00105,0.00158,
org.apache.tools.ant.taskdefs.SQLExec$Transaction,3,5,8,1,1,2,16,12,28,0.00054,0.0005,0.00097,
org.apache.tools.ant.taskdefs.Javadoc$LinkArgument,4,7,11,1,1,2,21,7,28,0.00053,0.0005,0.00087,
org.apache.tools.ant.taskdefs.Javadoc$Html,1,3,4,2,0,2,26,0,26,0.00068,0.00084,0.00107,
org.apache.tools.ant.XmlLogger$TimedElement,2,6,8,1,1,2,21,4,25,0.00049,0.00118,0.00152,
org.apache.tools.ant.DemuxOutputStream$BufferInfo,2,6,8,1,1,2,18,4,22,0.00067,0.0014,0.00184,
org.apache.tools.bzip2.CRC,2,7,9,2,0,2,22,0,22,0.00098,0.00107,0.00251,
org.apache.tools.ant.taskdefs.Javadoc$PackageName,1,4,5,2,0,2,21,0,21,0.00068,0.00084,0.00089,
org.apache.tools.ant.types.selectors.modifiedselector.Cache,0,7,7,2,0,2,20,0,20,0.00093,0.0009,0.00144,
org.apache.tools.ant.taskdefs.Tar$TarLongFileMode,6,7,13,1,1,2,17,3,20,0.00049,0.00075,0.00088,
org.apache.tools.ant.types.Permissions$Permission,4,10,14,2,0,2,19,0,19,0.00078,0.001,0.00147,
org.apache.tools.ant.taskdefs.GenerateKey$DistinguishedName,1,5,6,1,1,2,8,10,18,0.00052,0.00118,0.00158,
org.apache.tools.ant.taskdefs.XSLTLiaison,1,3,4,2,0,2,18,0,18,0.0007,0.0009,0.00093,
org.apache.tools.ant.taskdefs.Parallel$1,1,2,3,1,1,2,2,16,18,0.00059,0.00052,0.00067,
org.apache.tools.ant.types.resolver.ApacheCatalog,1,4,5,1,1,2,6,11,17,0.00068,0.00061,0.00069,
org.apache.tools.ant.taskdefs.ProcessDestroyer$ProcessDestroyerImpl,2,3,5,1,1,2,7,9,16,0.00324,0.00077,0.00141,
org.apache.tools.ant.taskdefs.Available$FileDir,1,5,6,1,1,2,13,3,16,0.0005,0.00071,0.00085,
org.apache.tools.ant.types.FilterSet$Filter,2,6,8,2,0,2,16,0,16,0.00571,0.00066,0.0014,
org.apache.tools.ant.taskdefs.cvslib.CvsUser,2,6,8,1,1,2,13,2,15,0.00049,0.00067,0.0007,
org.apache.tools.ant.taskdefs.Sequential,1,3,4,0,2,2,0,15,15,0.00046,0.00065,0.00073,
org.apache.tools.zip.ZipFile$BoundedInputStream,4,4,8,1,1,2,5,10,15,0.00066,0.00054,0.00066,
org.apache.tools.ant.types.FilterSet$FiltersFile,1,2,3,1,1,2,5,9,14,0.00291,0.00049,0.00093,
org.apache.tools.ant.taskdefs.cvslib.RCSFile,3,5,8,2,0,2,13,0,13,0.00186,0.00097,0.00129,
org.apache.tools.ant.taskdefs.Tstamp$Unit,10,4,14,1,1,2,10,3,13,0.00054,0.00075,0.00097,
org.apache.tools.bzip2.BZip2Constants,11,1,12,2,0,2,12,0,12,0.00098,0.00107,0.0015,
org.apache.tools.ant.taskdefs.XSLTProcess$Factory,2,5,7,1,1,2,8,4,12,0.00049,0.00083,0.00073,
org.apache.tools.ant.types.selectors.modifiedselector.ModifiedSelector$AlgorithmName,0,2,2,1,1,2,9,3,12,0.0005,0.00076,0.00093,
org.apache.tools.ant.types.selectors.modifiedselector.ModifiedSelector$CacheName,0,2,2,1,1,2,9,3,12,0.0005,0.00076,0.00093,
org.apache.tools.ant.types.selectors.modifiedselector.ModifiedSelector$ComparatorName,0,2,2,1,1,2,9,3,12,0.0005,0.00076,0.00093,
org.apache.tools.ant.taskdefs.ManifestTask$Mode,0,2,2,1,1,2,9,3,12,0.00051,0.00075,0.00073,
org.apache.tools.ant.DemuxInputStream,1,3,4,1,1,2,3,9,12,0.0005,0.00066,0.00062,
org.apache.tools.ant.taskdefs.Exec$StreamPumper,5,3,8,1,1,2,3,9,12,0.00063,0.00053,0.00063,
org.apache.tools.bzip2.CBZip2OutputStream$StackElem,3,2,5,1,1,2,6,4,10,0.00068,0.00149,0.00194,
org.apache.tools.ant.taskdefs.Jar$FilesetManifestConfig,0,2,2,1,1,2,7,3,10,0.0005,0.00073,0.00064,
org.apache.tools.ant.taskdefs.Javadoc$1,1,2,3,1,1,2,3,7,10,0.00053,0.0005,0.00043,
org.apache.tools.ant.taskdefs.Get$Base64Converter,1,4,5,1,1,2,5,4,9,0.00053,0.00121,0.00146,
org.apache.tools.ant.taskdefs.WaitFor$Unit,8,4,12,1,1,2,6,3,9,0.00054,0.00076,0.00079,
org.apache.tools.ant.types.selectors.SizeSelector$ByteUnits,0,2,2,1,1,2,6,3,9,0.00058,0.00073,0.00081,
org.apache.tools.ant.types.selectors.SizeSelector$SizeComparisons,0,2,2,1,1,2,6,3,9,0.00058,0.00073,0.00081,
org.apache.tools.ant.types.selectors.TypeSelector$FileType,2,2,4,1,1,2,6,3,9,0.00061,0.00073,0.00082,
org.apache.tools.ant.taskdefs.PathConvert$TargetOs,0,2,2,1,1,2,6,3,9,0.00051,0.00072,0.00067,
org.apache.tools.ant.types.selectors.DateSelector$TimeComparisons,0,2,2,1,1,2,6,3,9,0.00056,0.00071,0.00078,
org.apache.tools.ant.taskdefs.Definer$1,3,3,6,1,1,2,2,7,9,0.00062,0.0005,0.00047,
org.apache.tools.ant.taskdefs.Taskdef,2,2,4,0,2,2,0,8,8,0.00046,0.00078,0.00046,
org.apache.tools.ant.taskdefs.Execute$1,0,0,0,2,0,2,8,0,8,0.00112,0.00072,0.00075,
org.apache.tools.ant.types.Assertions$DisabledAssertion,0,2,2,1,1,2,4,3,7,0.00051,0.00078,0.00058,
org.apache.tools.ant.types.Assertions$EnabledAssertion,0,2,2,1,1,2,4,3,7,0.00051,0.00078,0.00058,
org.apache.tools.ant.taskdefs.Recorder$ActionChoices,1,3,4,1,1,2,4,3,7,0.00053,0.00077,0.00061,
org.apache.tools.ant.taskdefs.Recorder$VerbosityLevelChoices,1,3,4,1,1,2,4,3,7,0.00053,0.00077,0.00061,
org.apache.tools.ant.taskdefs.Echo$EchoLevel,0,2,2,1,1,2,4,3,7,0.00054,0.00075,0.00068,
org.apache.tools.ant.taskdefs.SQLExec$DelimiterType,2,2,4,1,1,2,4,3,7,0.00054,0.00075,0.00062,
org.apache.tools.ant.taskdefs.SQLExec$OnError,0,2,2,1,1,2,4,3,7,0.00054,0.00075,0.00062,
org.apache.tools.ant.taskdefs.email.EmailTask$Encoding,0,2,2,1,1,2,4,3,7,0.00053,0.00075,0.00061,
org.apache.tools.ant.taskdefs.Definer$Format,2,2,4,1,1,2,4,3,7,0.00062,0.00074,0.00064,
org.apache.tools.ant.taskdefs.Javadoc$AccessType,0,2,2,1,1,2,4,3,7,0.00053,0.00074,0.00059,
org.apache.tools.ant.taskdefs.FixCRLF$AddAsisRemove,0,2,2,1,1,2,4,3,7,0.00051,0.00073,0.0006,
org.apache.tools.ant.taskdefs.Zip$Duplicate,0,2,2,1,1,2,4,3,7,0.00048,0.00071,0.00058,
org.apache.tools.ant.taskdefs.ExecuteOn$FileDirBoth,0,2,2,1,1,2,4,3,7,0.0005,0.00071,0.00059,
org.apache.tools.ant.types.selectors.PresentSelector$FilePresence,0,2,2,1,1,2,4,3,7,0.00055,0.0007,0.00065,
org.apache.tools.ant.taskdefs.XSLTLogger,0,1,1,2,0,2,6,0,6,0.00091,0.0009,0.00085,
org.apache.tools.ant.taskdefs.XSLTLoggerAware,0,1,1,1,1,2,3,3,6,0.00049,0.0009,0.00074,
org.apache.tools.ant.types.selectors.modifiedselector.PropertiesfileCache,4,12,16,1,1,2,2,3,5,0.0005,0.0009,0.00052,
org.apache.tools.ant.ExitException,1,3,4,2,0,2,5,0,5,0.00062,0.00089,0.00045,
org.apache.tools.ant.taskdefs.email.UUMailer,0,2,2,0,2,2,0,5,5,0.00046,0.00073,0.00041,
org.apache.tools.ant.util.FlatFileNameMapper,0,4,4,1,1,2,2,3,5,0.00049,0.00064,0.00043,
org.apache.tools.ant.taskdefs.Sleep,5,10,15,0,2,2,0,5,5,0.00046,0.00064,0.00043,
org.apache.tools.ant.util.CollectionUtils$EmptyEnumeration,0,3,3,2,0,2,4,0,4,0.00284,0.00062,0.0005,
org.apache.tools.ant.taskdefs.cvslib.CvsTagEntry,3,7,10,1,0,1,17,0,17,0.00056,0.00057,0.001,
org.apache.tools.tar.TarUtils,0,8,8,1,0,1,15,0,15,0.00088,0.00066,0.00142,
org.apache.tools.ant.taskdefs.Javadoc$SourceFile,1,4,5,1,0,1,13,0,13,0.00053,0.0005,0.0006,
org.apache.tools.ant.taskdefs.GenerateKey$DnameParam,2,5,7,1,0,1,10,0,10,0.0009,0.00079,0.00125,
org.apache.tools.mail.SmtpResponseReader,2,5,7,1,0,1,9,0,9,0.00064,0.00074,0.00106,
org.apache.tools.ant.taskdefs.TaskOutputStream,3,3,6,0,1,1,0,9,9,0.00046,0.00046,0.00053,
org.apache.tools.ant.util.TaskLogger,1,6,7,0,1,1,0,9,9,0.00046,0.00046,0.00053,
org.apache.tools.ant.filters.ReplaceTokens$Token,2,5,7,1,0,1,8,0,8,0.00053,0.00051,0.00069,
org.apache.tools.mail.MailPrintStream,1,5,6,1,0,1,7,0,7,0.00064,0.00074,0.00089,
org.apache.tools.ant.util.PackageNameMapper,0,2,2,0,1,1,0,6,6,0.00046,0.00061,0.00059,
org.apache.tools.ant.util.UnPackageNameMapper,0,2,2,0,1,1,0,6,6,0.00046,0.00061,0.00059,
org.apache.tools.ant.filters.LineContains$Contains,1,3,4,1,0,1,6,0,6,0.00055,0.00053,0.00062,
org.apache.tools.ant.filters.StripLineComments$Comment,1,3,4,1,0,1,6,0,6,0.00055,0.00053,0.00062,
org.apache.tools.ant.taskdefs.XSLTProcess$OutputProperty,2,5,7,1,0,1,6,0,6,0.00049,0.00052,0.00047,
org.apache.tools.ant.util.ScriptRunner,3,9,12,0,1,1,0,6,6,0.00046,0.00046,0.00052,
org.apache.tools.ant.util.DOMElementWriter,2,8,10,1,0,1,5,0,5,0.00049,0.0005,0.00045,
org.apache.tools.ant.util.LazyFileOutputStream,5,10,15,1,0,1,5,0,5,0.0005,0.0005,0.00048,
org.apache.tools.bzip2.CBZip2OutputStream$1,0,0,0,1,0,1,4,0,4,0.00104,0.00092,0.00123,
org.apache.tools.ant.DemuxOutputStream$1,0,0,0,1,0,1,4,0,4,0.00103,0.00088,0.00077,
org.apache.tools.ant.taskdefs.Get$1,0,0,0,1,0,1,4,0,4,0.00091,0.0008,0.00112,
org.apache.tools.ant.XmlLogger$1,0,0,0,1,0,1,4,0,4,0.00088,0.00079,0.00066,
org.apache.tools.ant.taskdefs.Concat$1,0,0,0,1,0,1,4,0,4,0.00067,0.00077,0.00044,
org.apache.tools.ant.types.Permissions$1,0,0,0,1,0,1,4,0,4,0.0006,0.00071,0.00052,
org.apache.tools.ant.types.selectors.modifiedselector.HashvalueAlgorithm,0,4,4,0,1,1,0,3,3,0.00046,0.00069,0.00046,
org.apache.tools.zip.UnixStat,7,0,7,1,0,1,3,0,3,0.00056,0.00067,0.00045,
org.apache.tools.tar.TarConstants,24,0,24,1,0,1,3,0,3,0.00088,0.00066,0.00052,
org.apache.tools.ant.util.WeakishReference$HardReference,1,2,3,0,1,1,0,3,3,0.00046,0.00062,0.0004,
org.apache.tools.ant.types.DTDLocation,0,1,1,0,1,1,0,3,3,0.00046,0.00061,0.00036,
org.apache.tools.ant.util.KeepAliveInputStream,0,2,2,1,0,1,3,0,3,0.00102,0.00054,0.00052,
org.apache.tools.ant.taskdefs.StreamPumper,5,5,10,1,0,1,3,0,3,0.00086,0.00052,0.00062,
org.apache.tools.ant.taskdefs.SendEmail,0,2,2,0,1,1,0,3,3,0.00046,0.0005,0.00032,
org.apache.tools.ant.listener.AnsiColorLogger,16,3,19,0,1,1,0,3,3,0.00046,0.00049,0.00033,
org.apache.tools.ant.taskdefs.Cvs,0,1,1,0,1,1,0,3,3,0.00046,0.00048,0.00032,
org.apache.tools.ant.taskdefs.Transform,0,1,1,0,1,1,0,3,3,0.00046,0.00047,0.00031,
org.apache.tools.ant.taskdefs.KeySubst,4,8,12,0,1,1,0,3,3,0.00046,0.00046,0.00035,
org.apache.tools.mail.ErrorInQuitException,0,1,1,1,0,1,2,0,2,0.00064,0.00074,0.00046,
org.apache.tools.ant.Diagnostics$1,0,2,2,1,0,1,2,0,2,0.00057,0.00058,0.00043,
org.apache.tools.ant.types.selectors.modifiedselector.EqualComparator,0,3,3,1,0,1,2,0,2,0.0005,0.00052,0.00039,
org.apache.tools.ant.util.TeeOutputStream,2,6,8,1,0,1,2,0,2,0.0005,0.0005,0.00037,
org.apache.tools.ant.MagicNames,2,1,3,0,0,0,0,0,0,0.00046,0.00029,0.00029,
org.apache.tools.ant.filters.StringInputStream,4,9,13,0,0,0,0,0,0,0.00046,0.00029,0.00029,
org.apache.tools.ant.filters.util.JavaClassHelper,1,3,4,0,0,0,0,0,0,0.00046,0.00029,0.00029,
org.apache.tools.ant.types.FlexInteger,1,3,4,0,0,0,0,0,0,0.00046,0.00029,0.00029,
org.apache.tools.ant.util.KeepAliveOutputStream,0,2,2,0,0,0,0,0,0,0.00046,0.00029,0.00029,
org.apache.tools.ant.util.LazyHashtable,1,9,10,0,0,0,0,0,0,0.00046,0.00029,0.00029,
org.apache.tools.ant.util.regexp.RegexpUtil,0,3,3,0,0,0,0,0,0,0.00046,0.00029,0.00029,
