Classname,NoF,NoM,SIZE,CONN_IN,CONN_OUT,CONN_TOTAL,CONN_IN_W,CONN_OUT_W,CONN_TOTAL_W,PR,PR_U,PR_U2_W,
org.apache.catalina.connector.Request,54,153,207,12,12,24,68,68,136,0.01716,0.01843,0.02187,
org.apache.catalina.core.StandardContext,133,312,445,11,11,22,66,66,132,0.01638,0.01759,0.02034,
org.apache.catalina.connector.CoyoteAdapter,8,18,26,8,8,16,28,28,56,0.01179,0.01266,0.01078,
org.apache.catalina.realm.UserDatabaseRealm,2,8,10,7,7,14,9,9,18,0.00768,0.00825,0.00645,
org.apache.catalina.core.ContainerBase,23,55,78,6,6,12,66,66,132,0.01106,0.01188,0.0201,
org.apache.catalina.core.ApplicationContext,17,70,87,6,6,12,20,20,40,0.00931,0.01,0.00799,
org.apache.catalina.realm.RealmBase,14,52,66,6,6,12,14,14,28,0.00625,0.00671,0.01051,
org.apache.catalina.realm.JDBCRealm,13,32,45,6,6,12,8,8,16,0.00625,0.00671,0.00533,
org.apache.catalina.realm.MemoryRealm,4,10,14,6,6,12,8,8,16,0.00625,0.00671,0.00533,
org.apache.catalina.authenticator.AuthenticatorBase,19,47,66,5,5,10,22,22,44,0.00652,0.00701,0.00683,
org.apache.catalina.core.StandardWrapper,37,76,113,5,5,10,13,13,26,0.00837,0.00899,0.00515,
org.apache.catalina.realm.JNDIRealm,48,111,159,5,5,10,12,12,24,0.0053,0.00569,0.009,
org.apache.catalina.Context,4,198,202,5,5,10,11,11,22,0.00753,0.00809,0.00376,
org.apache.catalina.realm.DataSourceRealm,10,29,39,5,5,10,7,7,14,0.0053,0.00569,0.00483,
org.apache.catalina.startup.HostConfig,14,46,60,4,4,8,42,42,84,0.00815,0.00875,0.01203,
org.apache.catalina.startup.ContextConfig,17,52,69,4,4,8,42,42,84,0.00705,0.00757,0.01162,
org.apache.catalina.authenticator.SpnegoAuthenticator,6,13,19,4,4,8,28,28,56,0.00529,0.00568,0.00855,
org.apache.catalina.authenticator.DigestAuthenticator,11,22,33,4,4,8,24,24,48,0.00529,0.00568,0.00719,
org.apache.catalina.session.ManagerBase,29,80,109,4,4,8,22,22,44,0.01007,0.01081,0.01008,
org.apache.catalina.authenticator.FormAuthenticator,3,15,18,4,4,8,10,10,20,0.00529,0.00568,0.00334,
org.apache.catalina.authenticator.SSLAuthenticator,0,3,3,4,4,8,10,10,20,0.00529,0.00568,0.00334,
org.apache.catalina.connector.InputBuffer,16,33,49,4,4,8,6,6,12,0.00637,0.00685,0.00341,
org.apache.catalina.connector.OutputBuffer,13,51,64,4,4,8,6,6,12,0.00592,0.00635,0.00272,
org.apache.catalina.webresources.JarResource,1,3,4,4,4,8,5,5,10,0.00697,0.00749,0.00754,
org.apache.catalina.realm.JAASRealm,10,23,33,4,4,8,5,5,10,0.0044,0.00472,0.00355,
org.apache.catalina.webresources.JarResourceSet,0,3,3,4,4,8,4,4,8,0.00697,0.00749,0.00574,
org.apache.catalina.core.StandardHost,21,48,69,3,3,6,30,30,60,0.00537,0.00577,0.00852,
org.apache.catalina.session.StandardManager,3,11,14,3,3,6,27,27,54,0.00741,0.00795,0.01171,
org.apache.catalina.webresources.StandardRoot,16,61,77,3,3,6,10,10,20,0.00965,0.01036,0.01134,
org.apache.catalina.connector.Response,21,81,102,3,3,6,5,5,10,0.00453,0.00487,0.00236,
org.apache.catalina.webresources.JarWarResource,2,4,6,3,3,6,4,4,8,0.0054,0.0058,0.00624,
org.apache.catalina.manager.HTMLManagerServlet,20,27,47,3,3,6,3,3,6,0.00674,0.00723,0.00723,
org.apache.catalina.manager.ManagerServlet,11,44,55,3,3,6,3,3,6,0.00674,0.00723,0.00723,
org.apache.catalina.webresources.JarWarResourceSet,1,7,8,3,3,6,3,3,6,0.0054,0.0058,0.0046,
org.apache.catalina.session.PersistentManagerBase,9,33,42,2,2,4,30,30,60,0.00505,0.00542,0.01226,
org.apache.catalina.servlets.WebdavServlet,24,35,59,2,2,4,27,27,54,0.00788,0.00846,0.00846,
org.apache.catalina.core.AsyncContextImpl,13,26,39,2,2,4,16,16,32,0.00328,0.00352,0.00567,
org.apache.catalina.valves.AccessLogValve,15,30,45,2,2,4,14,14,28,0.00788,0.00846,0.00846,
org.apache.catalina.core.ApplicationDispatcher,11,20,31,2,2,4,10,10,20,0.00518,0.00556,0.00652,
org.apache.catalina.core.StandardServer,22,43,65,2,2,4,7,7,14,0.0047,0.00505,0.0033,
org.apache.catalina.core.StandardWrapperValve,6,11,17,2,2,4,7,7,14,0.00426,0.00458,0.00429,
org.apache.catalina.webresources.Cache,13,20,33,2,2,4,6,6,12,0.00662,0.00711,0.0072,
org.apache.catalina.session.FileStore,5,13,18,2,2,4,4,4,8,0.00544,0.00585,0.00331,
org.apache.catalina.webresources.AbstractArchiveResource,7,24,31,2,2,4,4,4,8,0.00382,0.0041,0.00726,
org.apache.catalina.loader.WebappClassLoader,0,5,5,2,2,4,4,4,8,0.00361,0.00388,0.00192,
org.apache.catalina.loader.WebappLoader,10,30,40,2,2,4,4,4,8,0.00361,0.00388,0.00192,
org.apache.catalina.startup.FailedContext,7,240,247,2,2,4,4,4,8,0.00336,0.0036,0.0018,
org.apache.catalina.connector.Connector,27,68,95,2,2,4,4,4,8,0.00328,0.00352,0.00207,
org.apache.catalina.core.StandardService,12,28,40,2,2,4,3,3,6,0.00547,0.00588,0.00412,
org.apache.catalina.core.ApplicationFilterConfig,9,16,25,2,2,4,3,3,6,0.00355,0.00381,0.00179,
org.apache.catalina.session.JDBCStore,24,45,69,2,2,4,2,2,4,0.00597,0.00641,0.0034,
org.apache.catalina.manager.host.HTMLHostManagerServlet,9,10,19,2,2,4,2,2,4,0.00473,0.00508,0.00508,
org.apache.catalina.manager.host.HostManagerServlet,7,16,23,2,2,4,2,2,4,0.00473,0.00508,0.00508,
org.apache.catalina.manager.Constants,11,2,13,2,2,4,2,2,4,0.00473,0.00508,0.00508,
org.apache.catalina.manager.host.Constants,7,1,8,2,2,4,2,2,4,0.00473,0.00508,0.00508,
org.apache.catalina.webresources.AbstractArchiveResourceSet,6,18,24,2,2,4,2,2,4,0.00382,0.0041,0.00339,
org.apache.catalina.connector.RequestFacade,2,79,81,1,1,2,28,28,56,0.00203,0.00217,0.00852,
org.apache.catalina.core.StandardEngine,5,20,25,1,1,2,18,18,36,0.00238,0.00255,0.00553,
org.apache.catalina.servlets.DefaultServlet,24,51,75,1,1,2,15,15,30,0.00416,0.00446,0.00482,
org.apache.catalina.valves.ExtendedAccessLogValve,2,11,13,1,1,2,13,13,26,0.00416,0.00446,0.0077,
org.apache.catalina.servlets.CGIServlet,12,19,31,1,1,2,12,12,24,0.00416,0.00446,0.0041,
org.apache.catalina.startup.Tomcat,12,45,57,1,1,2,12,12,24,0.00231,0.00248,0.00374,
org.apache.catalina.Host,2,23,25,1,1,2,6,6,12,0.00254,0.00273,0.00233,
org.apache.catalina.startup.ExpandWar,2,10,12,1,1,2,6,6,12,0.00254,0.00273,0.00233,
org.apache.catalina.Container,4,35,39,1,1,2,6,6,12,0.00238,0.00255,0.00242,
org.apache.catalina.core.ApplicationFilterChain,11,13,24,1,1,2,5,5,10,0.00301,0.00323,0.00364,
org.apache.catalina.WebResourceRoot,0,36,36,1,1,2,4,4,8,0.00354,0.0038,0.00473,
org.apache.catalina.core.ApplicationContextFacade,3,66,69,1,1,2,4,4,8,0.00213,0.00229,0.00223,
org.apache.catalina.core.ApplicationHttpRequest,17,41,58,1,1,2,4,4,8,0.00203,0.00217,0.00196,
org.apache.catalina.Lifecycle,13,9,22,1,1,2,2,2,4,0.0054,0.0058,0.0058,
org.apache.catalina.filters.RemoteIpFilter,24,29,53,1,1,2,2,2,4,0.0054,0.0058,0.0058,
org.apache.catalina.util.LifecycleBase,5,23,28,1,1,2,2,2,4,0.0054,0.0058,0.0058,
org.apache.catalina.valves.RemoteIpValve,13,28,41,1,1,2,2,2,4,0.0054,0.0058,0.0058,
org.apache.catalina.webresources.CachedResource,17,30,47,1,1,2,2,2,4,0.00362,0.00389,0.00291,
org.apache.catalina.webresources.AbstractResourceSet,8,20,28,1,1,2,2,2,4,0.00354,0.0038,0.0028,
org.apache.catalina.startup.Catalina,9,32,41,1,1,2,2,2,4,0.00314,0.00337,0.0035,
org.apache.catalina.Manager,0,32,32,1,1,2,2,2,4,0.00295,0.00317,0.00165,
org.apache.catalina.session.StandardSession,24,67,91,1,1,2,2,2,4,0.00295,0.00317,0.00165,
org.apache.catalina.valves.JDBCAccessLogValve,23,31,54,1,1,2,1,1,2,0.00416,0.00446,0.00123,
org.apache.catalina.session.StoreBase,4,15,19,1,1,2,1,1,2,0.00335,0.00359,0.00231,
org.apache.catalina.Wrapper,2,39,41,1,1,2,1,1,2,0.00223,0.0024,0.00111,
org.apache.catalina.connector.CoyoteInputStream,2,14,16,1,1,2,1,1,2,0.00216,0.00232,0.00123,
org.apache.catalina.realm.CombinedRealm,2,18,20,1,1,2,1,1,2,0.00174,0.00187,0.00137,
org.apache.catalina.AccessLog,4,3,7,0,0,0,0,0,0,0.00081,0.00087,0.00087,
org.apache.catalina.AsyncDispatcher,0,1,1,0,0,0,0,0,0,0.00081,0.00087,0.00087,
org.apache.catalina.Authenticator,0,3,3,0,0,0,0,0,0,0.00081,0.00087,0.00087,
org.apache.catalina.Cluster,0,6,6,0,0,0,0,0,0,0.00081,0.00087,0.00087,
org.apache.catalina.Contained,0,2,2,0,0,0,0,0,0,0.00081,0.00087,0.00087,
org.apache.catalina.ContainerEvent,3,5,8,0,0,0,0,0,0,0.00081,0.00087,0.00087,
org.apache.catalina.ContainerListener,0,1,1,0,0,0,0,0,0,0.00081,0.00087,0.00087,
org.apache.catalina.ContainerServlet,0,2,2,0,0,0,0,0,0,0.00081,0.00087,0.00087,
org.apache.catalina.CredentialHandler,0,2,2,0,0,0,0,0,0,0.00081,0.00087,0.00087,
org.apache.catalina.DistributedManager,0,2,2,0,0,0,0,0,0,0.00081,0.00087,0.00087,
org.apache.catalina.Engine,0,6,6,0,0,0,0,0,0,0.00081,0.00087,0.00087,
org.apache.catalina.Executor,0,2,2,0,0,0,0,0,0,0.00081,0.00087,0.00087,
org.apache.catalina.Globals,30,2,32,0,0,0,0,0,0,0.00081,0.00087,0.00087,
org.apache.catalina.Group,0,11,11,0,0,0,0,0,0,0.00081,0.00087,0.00087,
org.apache.catalina.JmxEnabled,0,3,3,0,0,0,0,0,0,0.00081,0.00087,0.00087,
org.apache.catalina.Lifecycle$SingleUse,0,0,0,0,0,0,0,0,0,0.00081,0.00087,0.00087,
org.apache.catalina.LifecycleEvent,3,4,7,0,0,0,0,0,0,0.00081,0.00087,0.00087,
org.apache.catalina.LifecycleException,1,4,5,0,0,0,0,0,0,0.00081,0.00087,0.00087,
org.apache.catalina.LifecycleListener,0,1,1,0,0,0,0,0,0,0.00081,0.00087,0.00087,
org.apache.catalina.LifecycleState,15,6,21,0,0,0,0,0,0,0.00081,0.00087,0.00087,
org.apache.catalina.Loader,0,11,11,0,0,0,0,0,0,0.00081,0.00087,0.00087,
org.apache.catalina.Pipeline,0,8,8,0,0,0,0,0,0,0.00081,0.00087,0.00087,
org.apache.catalina.Realm,0,16,16,0,0,0,0,0,0,0.00081,0.00087,0.00087,
org.apache.catalina.Role,0,5,5,0,0,0,0,0,0,0.00081,0.00087,0.00087,
org.apache.catalina.Server,0,23,23,0,0,0,0,0,0,0.00081,0.00087,0.00087,
org.apache.catalina.Service,0,17,17,0,0,0,0,0,0,0.00081,0.00087,0.00087,
org.apache.catalina.Session,4,37,41,0,0,0,0,0,0,0.00081,0.00087,0.00087,
org.apache.catalina.SessionEvent,4,5,9,0,0,0,0,0,0,0.00081,0.00087,0.00087,
org.apache.catalina.SessionIdGenerator,0,6,6,0,0,0,0,0,0,0.00081,0.00087,0.00087,
org.apache.catalina.SessionListener,0,1,1,0,0,0,0,0,0,0.00081,0.00087,0.00087,
org.apache.catalina.Store,0,10,10,0,0,0,0,0,0,0.00081,0.00087,0.00087,
org.apache.catalina.StoreManager,0,2,2,0,0,0,0,0,0,0.00081,0.00087,0.00087,
org.apache.catalina.ThreadBindingListener,0,2,2,0,0,0,0,0,0,0.00081,0.00087,0.00087,
org.apache.catalina.TomcatPrincipal,0,3,3,0,0,0,0,0,0,0.00081,0.00087,0.00087,
org.apache.catalina.TrackedWebResource,0,2,2,0,0,0,0,0,0,0.00081,0.00087,0.00087,
org.apache.catalina.User,0,17,17,0,0,0,0,0,0,0.00081,0.00087,0.00087,
org.apache.catalina.UserDatabase,0,16,16,0,0,0,0,0,0,0.00081,0.00087,0.00087,
org.apache.catalina.Valve,0,5,5,0,0,0,0,0,0,0.00081,0.00087,0.00087,
org.apache.catalina.WebResource,0,23,23,0,0,0,0,0,0,0.00081,0.00087,0.00087,
org.apache.catalina.WebResourceRoot$ResourceSetType,5,4,9,0,0,0,0,0,0,0.00081,0.00087,0.00087,
org.apache.catalina.WebResourceSet,0,14,14,0,0,0,0,0,0,0.00081,0.00087,0.00087,
org.apache.catalina.authenticator.AuthenticatorBase$1,0,0,0,0,0,0,0,0,0,0.00081,0.00087,0.00087,
org.apache.catalina.authenticator.AuthenticatorBase$JaspicState,2,2,4,0,0,0,0,0,0,0.00081,0.00087,0.00087,
org.apache.catalina.authenticator.BasicAuthenticator,3,6,9,0,0,0,0,0,0,0.00081,0.00087,0.00087,
org.apache.catalina.authenticator.BasicAuthenticator$BasicCredentials,8,6,14,0,0,0,0,0,0,0.00081,0.00087,0.00087,
org.apache.catalina.authenticator.Constants,16,2,18,0,0,0,0,0,0,0.00081,0.00087,0.00087,
org.apache.catalina.authenticator.DigestAuthenticator$1,4,2,6,0,0,0,0,0,0,0.00081,0.00087,0.00087,
org.apache.catalina.authenticator.DigestAuthenticator$DigestInfo,16,6,22,0,0,0,0,0,0,0.00081,0.00087,0.00087,
org.apache.catalina.authenticator.DigestAuthenticator$NonceInfo,4,3,7,0,0,0,0,0,0,0.00081,0.00087,0.00087,
org.apache.catalina.authenticator.NonLoginAuthenticator,0,3,3,0,0,0,0,0,0,0.00081,0.00087,0.00087,
org.apache.catalina.authenticator.SavedRequest,9,20,29,0,0,0,0,0,0,0.00081,0.00087,0.00087,
org.apache.catalina.authenticator.SingleSignOn,5,18,23,0,0,0,0,0,0,0.00081,0.00087,0.00087,
org.apache.catalina.authenticator.SingleSignOnEntry,7,12,19,0,0,0,0,0,0,0.00081,0.00087,0.00087,
org.apache.catalina.authenticator.SingleSignOnListener,2,2,4,0,0,0,0,0,0,0.00081,0.00087,0.00087,
org.apache.catalina.authenticator.SingleSignOnSessionKey,4,7,11,0,0,0,0,0,0,0.00081,0.00087,0.00087,
org.apache.catalina.authenticator.SpnegoAuthenticator$1,3,3,6,0,0,0,0,0,0,0.00081,0.00087,0.00087,
org.apache.catalina.authenticator.SpnegoAuthenticator$AcceptAction,2,3,5,0,0,0,0,0,0,0.00081,0.00087,0.00087,
org.apache.catalina.authenticator.SpnegoAuthenticator$AuthenticateAction,3,3,6,0,0,0,0,0,0,0.00081,0.00087,0.00087,
org.apache.catalina.authenticator.SpnegoAuthenticator$SpnegoTokenFixer,2,8,10,0,0,0,0,0,0,0.00081,0.00087,0.00087,
org.apache.catalina.authenticator.jaspic.AuthConfigFactoryImpl,11,20,31,0,0,0,0,0,0,0.00081,0.00087,0.00087,
org.apache.catalina.authenticator.jaspic.AuthConfigFactoryImpl$1,0,0,0,0,0,0,0,0,0,0.00081,0.00087,0.00087,
org.apache.catalina.authenticator.jaspic.AuthConfigFactoryImpl$RegistrationContextImpl,7,15,22,0,0,0,0,0,0,0.00081,0.00087,0.00087,
org.apache.catalina.authenticator.jaspic.AuthConfigFactoryImpl$RegistrationListenerWrapper,3,7,10,0,0,0,0,0,0,0.00081,0.00087,0.00087,
org.apache.catalina.authenticator.jaspic.CallbackHandlerImpl,3,5,8,0,0,0,0,0,0,0.00081,0.00087,0.00087,
org.apache.catalina.authenticator.jaspic.MessageInfoImpl,5,8,13,0,0,0,0,0,0,0.00081,0.00087,0.00087,
org.apache.catalina.authenticator.jaspic.PersistentProviderRegistrations,2,5,7,0,0,0,0,0,0,0.00081,0.00087,0.00087,
org.apache.catalina.authenticator.jaspic.PersistentProviderRegistrations$Property,2,5,7,0,0,0,0,0,0,0.00081,0.00087,0.00087,
org.apache.catalina.authenticator.jaspic.PersistentProviderRegistrations$Provider,5,12,17,0,0,0,0,0,0,0.00081,0.00087,0.00087,
org.apache.catalina.authenticator.jaspic.PersistentProviderRegistrations$Providers,1,4,5,0,0,0,0,0,0,0.00081,0.00087,0.00087,
org.apache.catalina.authenticator.jaspic.SimpleAuthConfigProvider,2,5,7,0,0,0,0,0,0,0.00081,0.00087,0.00087,
org.apache.catalina.authenticator.jaspic.SimpleServerAuthConfig,7,9,16,0,0,0,0,0,0,0.00081,0.00087,0.00087,
org.apache.catalina.authenticator.jaspic.SimpleServerAuthContext,1,4,5,0,0,0,0,0,0,0.00081,0.00087,0.00087,
org.apache.catalina.connector.ClientAbortException,1,4,5,0,0,0,0,0,0,0.00081,0.00087,0.00087,
org.apache.catalina.connector.CoyoteAdapter$1,0,3,3,0,0,0,0,0,0,0.00081,0.00087,0.00087,
org.apache.catalina.connector.CoyoteAdapter$RecycleRequiredException,1,2,3,0,0,0,0,0,0,0.00081,0.00087,0.00087,
org.apache.catalina.connector.CoyoteInputStream$PrivilegedAvailable,1,3,4,0,0,0,0,0,0,0.00081,0.00087,0.00087,
org.apache.catalina.connector.CoyoteInputStream$PrivilegedClose,1,3,4,0,0,0,0,0,0,0.00081,0.00087,0.00087,
org.apache.catalina.connector.CoyoteInputStream$PrivilegedRead,1,3,4,0,0,0,0,0,0,0.00081,0.00087,0.00087,
org.apache.catalina.connector.CoyoteInputStream$PrivilegedReadArray,4,3,7,0,0,0,0,0,0,0.00081,0.00087,0.00087,
org.apache.catalina.connector.CoyoteInputStream$PrivilegedReadBuffer,2,3,5,0,0,0,0,0,0,0.00081,0.00087,0.00087,
org.apache.catalina.connector.CoyoteOutputStream,2,14,16,0,0,0,0,0,0,0.00081,0.00087,0.00087,
org.apache.catalina.connector.CoyotePrincipal,2,3,5,0,0,0,0,0,0,0.00081,0.00087,0.00087,
org.apache.catalina.connector.CoyoteReader,4,14,18,0,0,0,0,0,0,0.00081,0.00087,0.00087,
org.apache.catalina.connector.CoyoteWriter,3,32,35,0,0,0,0,0,0,0.00081,0.00087,0.00087,
org.apache.catalina.connector.InputBuffer$PrivilegedCreateConverter,1,3,4,0,0,0,0,0,0,0.00081,0.00087,0.00087,
org.apache.catalina.connector.OutputBuffer$PrivilegedCreateConverter,1,3,4,0,0,0,0,0,0,0.00081,0.00087,0.00087,
org.apache.catalina.connector.Request$1,0,3,3,0,0,0,0,0,0,0.00081,0.00087,0.00087,
org.apache.catalina.connector.Request$2,0,3,3,0,0,0,0,0,0,0.00081,0.00087,0.00087,
org.apache.catalina.connector.Request$3,0,3,3,0,0,0,0,0,0,0.00081,0.00087,0.00087,
org.apache.catalina.connector.Request$4,0,3,3,0,0,0,0,0,0,0.00081,0.00087,0.00087,
org.apache.catalina.connector.Request$5,0,3,3,0,0,0,0,0,0,0.00081,0.00087,0.00087,
org.apache.catalina.connector.Request$6,0,3,3,0,0,0,0,0,0,0.00081,0.00087,0.00087,
org.apache.catalina.connector.Request$7,0,3,3,0,0,0,0,0,0,0.00081,0.00087,0.00087,
org.apache.catalina.connector.Request$SpecialAttributeAdapter,0,2,2,0,0,0,0,0,0,0.00081,0.00087,0.00087,
org.apache.catalina.connector.RequestFacade$1,0,0,0,0,0,0,0,0,0,0.00081,0.00087,0.00087,
org.apache.catalina.connector.RequestFacade$GetAttributePrivilegedAction,1,4,5,0,0,0,0,0,0,0.00081,0.00087,0.00087,
org.apache.catalina.connector.RequestFacade$GetCharacterEncodingPrivilegedAction,1,4,5,0,0,0,0,0,0,0.00081,0.00087,0.00087,
org.apache.catalina.connector.RequestFacade$GetCookiesPrivilegedAction,1,4,5,0,0,0,0,0,0,0.00081,0.00087,0.00087,
org.apache.catalina.connector.RequestFacade$GetHeaderNamesPrivilegedAction,1,4,5,0,0,0,0,0,0,0.00081,0.00087,0.00087,
org.apache.catalina.connector.RequestFacade$GetHeadersPrivilegedAction,2,3,5,0,0,0,0,0,0,0.00081,0.00087,0.00087,
org.apache.catalina.connector.RequestFacade$GetLocalePrivilegedAction,1,4,5,0,0,0,0,0,0,0.00081,0.00087,0.00087,
org.apache.catalina.connector.RequestFacade$GetLocalesPrivilegedAction,1,4,5,0,0,0,0,0,0,0.00081,0.00087,0.00087,
org.apache.catalina.connector.RequestFacade$GetParameterMapPrivilegedAction,1,4,5,0,0,0,0,0,0,0.00081,0.00087,0.00087,
org.apache.catalina.connector.RequestFacade$GetParameterNamesPrivilegedAction,1,4,5,0,0,0,0,0,0,0.00081,0.00087,0.00087,
org.apache.catalina.connector.RequestFacade$GetParameterPrivilegedAction,2,3,5,0,0,0,0,0,0,0.00081,0.00087,0.00087,
org.apache.catalina.connector.RequestFacade$GetParameterValuePrivilegedAction,2,3,5,0,0,0,0,0,0,0.00081,0.00087,0.00087,
org.apache.catalina.connector.RequestFacade$GetRequestDispatcherPrivilegedAction,2,3,5,0,0,0,0,0,0,0.00081,0.00087,0.00087,
org.apache.catalina.connector.RequestFacade$GetSessionPrivilegedAction,2,3,5,0,0,0,0,0,0,0.00081,0.00087,0.00087,
org.apache.catalina.connector.Response$PrivilegedDoIsEncodable,4,3,7,0,0,0,0,0,0,0.00081,0.00087,0.00087,
org.apache.catalina.connector.Response$PrivilegedGenerateCookieString,2,3,5,0,0,0,0,0,0,0.00081,0.00087,0.00087,
org.apache.catalina.connector.Response$PrivilgedEncodeUrl,3,3,6,0,0,0,0,0,0,0.00081,0.00087,0.00087,
org.apache.catalina.connector.ResponseFacade,2,46,48,0,0,0,0,0,0,0.00081,0.00087,0.00087,
org.apache.catalina.connector.ResponseFacade$DateHeaderPrivilegedAction,4,3,7,0,0,0,0,0,0,0.00081,0.00087,0.00087,
org.apache.catalina.connector.ResponseFacade$FlushBufferPrivilegedAction,1,3,4,0,0,0,0,0,0,0.00081,0.00087,0.00087,
org.apache.catalina.connector.ResponseFacade$SetContentTypePrivilegedAction,2,3,5,0,0,0,0,0,0,0.00081,0.00087,0.00087,
org.apache.catalina.core.AccessLogAdapter,1,5,6,0,0,0,0,0,0,0.00081,0.00087,0.00087,
org.apache.catalina.core.ApplicationContext$DispatchData,2,1,3,0,0,0,0,0,0,0.00081,0.00087,0.00087,
org.apache.catalina.core.ApplicationContextFacade$PrivilegedExecuteMethod,3,2,5,0,0,0,0,0,0,0.00081,0.00087,0.00087,
org.apache.catalina.core.ApplicationDispatcher$PrivilegedDispatch,3,3,6,0,0,0,0,0,0,0.00081,0.00087,0.00087,
org.apache.catalina.core.ApplicationDispatcher$PrivilegedForward,3,3,6,0,0,0,0,0,0,0.00081,0.00087,0.00087,
org.apache.catalina.core.ApplicationDispatcher$PrivilegedInclude,3,3,6,0,0,0,0,0,0,0.00081,0.00087,0.00087,
org.apache.catalina.core.ApplicationDispatcher$State,7,1,8,0,0,0,0,0,0,0.00081,0.00087,0.00087,
org.apache.catalina.core.ApplicationFilterChain$1,3,3,6,0,0,0,0,0,0,0.00081,0.00087,0.00087,
org.apache.catalina.core.ApplicationFilterFactory,0,6,6,0,0,0,0,0,0,0.00081,0.00087,0.00087,
org.apache.catalina.core.ApplicationFilterFactory$1,1,1,2,0,0,0,0,0,0,0.00081,0.00087,0.00087,
org.apache.catalina.core.ApplicationFilterRegistration,3,13,16,0,0,0,0,0,0,0.00081,0.00087,0.00087,
org.apache.catalina.core.ApplicationHttpRequest$AttributeNamesEnumerator,5,5,10,0,0,0,0,0,0,0.00081,0.00087,0.00087,
org.apache.catalina.core.ApplicationHttpResponse,1,21,22,0,0,0,0,0,0,0.00081,0.00087,0.00087,
org.apache.catalina.core.ApplicationMapping,2,3,5,0,0,0,0,0,0,0.00081,0.00087,0.00087,
org.apache.catalina.core.ApplicationMapping$1,1,1,2,0,0,0,0,0,0,0.00081,0.00087,0.00087,
org.apache.catalina.core.ApplicationMapping$MappingImpl,4,5,9,0,0,0,0,0,0,0.00081,0.00087,0.00087,
org.apache.catalina.core.ApplicationPart,2,12,14,0,0,0,0,0,0,0.00081,0.00087,0.00087,
org.apache.catalina.core.ApplicationPushBuilder,16,19,35,0,0,0,0,0,0,0.00081,0.00087,0.00087,
org.apache.catalina.core.ApplicationRequest,2,8,10,0,0,0,0,0,0,0.00081,0.00087,0.00087,
org.apache.catalina.core.ApplicationResponse,1,9,10,0,0,0,0,0,0,0.00081,0.00087,0.00087,
org.apache.catalina.core.ApplicationServletRegistration,3,16,19,0,0,0,0,0,0,0.00081,0.00087,0.00087,
org.apache.catalina.core.ApplicationSessionCookieConfig,9,17,26,0,0,0,0,0,0,0.00081,0.00087,0.00087,
org.apache.catalina.core.AprLifecycleListener,21,18,39,0,0,0,0,0,0,0.00081,0.00087,0.00087,
org.apache.catalina.core.AsyncContextImpl$1,0,0,0,0,0,0,0,0,0,0.00081,0.00087,0.00087,
org.apache.catalina.core.AsyncContextImpl$AsyncRunnable,4,2,6,0,0,0,0,0,0,0.00081,0.00087,0.00087,
org.apache.catalina.core.AsyncContextImpl$DebugException,1,2,3,0,0,0,0,0,0,0.00081,0.00087,0.00087,
org.apache.catalina.core.AsyncContextImpl$RunnableWrapper,3,2,5,0,0,0,0,0,0,0.00081,0.00087,0.00087,
org.apache.catalina.core.AsyncListenerWrapper,3,10,13,0,0,0,0,0,0,0.00081,0.00087,0.00087,
org.apache.catalina.core.Constants,4,1,5,0,0,0,0,0,0,0.00081,0.00087,0.00087,
org.apache.catalina.core.ContainerBase$ContainerBackgroundProcessor,1,3,4,0,0,0,0,0,0,0.00081,0.00087,0.00087,
org.apache.catalina.core.ContainerBase$PrivilegedAddChild,2,3,5,0,0,0,0,0,0,0.00081,0.00087,0.00087,
org.apache.catalina.core.ContainerBase$StartChild,1,3,4,0,0,0,0,0,0,0.00081,0.00087,0.00087,
org.apache.catalina.core.ContainerBase$StartStopThreadFactory,3,2,5,0,0,0,0,0,0,0.00081,0.00087,0.00087,
org.apache.catalina.core.ContainerBase$StopChild,1,3,4,0,0,0,0,0,0,0.00081,0.00087,0.00087,
org.apache.catalina.core.DefaultInstanceManager,15,27,42,0,0,0,0,0,0,0.00081,0.00087,0.00087,
org.apache.catalina.core.DefaultInstanceManager$AnnotationCacheEntry,4,5,9,0,0,0,0,0,0,0.00081,0.00087,0.00087,
org.apache.catalina.core.DefaultInstanceManager$AnnotationCacheEntryType,5,4,9,0,0,0,0,0,0,0.00081,0.00087,0.00087,
org.apache.catalina.core.DefaultInstanceManager$PrivilegedGetField,2,3,5,0,0,0,0,0,0,0.00081,0.00087,0.00087,
org.apache.catalina.core.DefaultInstanceManager$PrivilegedGetMethod,2,3,5,0,0,0,0,0,0,0.00081,0.00087,0.00087,
org.apache.catalina.core.DefaultInstanceManager$PrivilegedLoadClass,3,3,6,0,0,0,0,0,0,0.00081,0.00087,0.00087,
org.apache.catalina.core.JreMemoryLeakPreventionListener,12,21,33,0,0,0,0,0,0,0.00081,0.00087,0.00087,
org.apache.catalina.core.NamingContextListener,12,30,42,0,0,0,0,0,0,0.00081,0.00087,0.00087,
org.apache.catalina.core.StandardContext$1,0,3,3,0,0,0,0,0,0,0.00081,0.00087,0.00087,
org.apache.catalina.core.StandardContext$2,1,3,4,0,0,0,0,0,0,0.00081,0.00087,0.00087,
org.apache.catalina.core.StandardContext$ContextFilterMaps,3,6,9,0,0,0,0,0,0,0.00081,0.00087,0.00087,
org.apache.catalina.core.StandardContext$NoPluggabilityServletContext,1,60,61,0,0,0,0,0,0,0.00081,0.00087,0.00087,
org.apache.catalina.core.StandardContextValve,1,3,4,0,0,0,0,0,0,0.00081,0.00087,0.00087,
org.apache.catalina.core.StandardEngine$AccessLogListener,4,6,10,0,0,0,0,0,0,0.00081,0.00087,0.00087,
org.apache.catalina.core.StandardEngine$NoopAccessLog,0,4,4,0,0,0,0,0,0,0.00081,0.00087,0.00087,
org.apache.catalina.core.StandardEngineValve,1,3,4,0,0,0,0,0,0,0.00081,0.00087,0.00087,
org.apache.catalina.core.StandardHost$1,0,0,0,0,0,0,0,0,0,0.00081,0.00087,0.00087,
org.apache.catalina.core.StandardHost$MemoryLeakTrackingListener,1,3,4,0,0,0,0,0,0,0.00081,0.00087,0.00087,
org.apache.catalina.core.StandardHostValve,5,7,12,0,0,0,0,0,0,0.00081,0.00087,0.00087,
org.apache.catalina.core.StandardPipeline,4,19,23,0,0,0,0,0,0,0.00081,0.00087,0.00087,
org.apache.catalina.core.StandardThreadExecutor,12,38,50,0,0,0,0,0,0,0.00081,0.00087,0.00087,
org.apache.catalina.core.StandardWrapperFacade,2,5,7,0,0,0,0,0,0,0.00081,0.00087,0.00087,
org.apache.catalina.core.ThreadLocalLeakPreventionListener,3,11,14,0,0,0,0,0,0,0.00081,0.00087,0.00087,
org.apache.catalina.deploy.NamingResourcesImpl,16,53,69,0,0,0,0,0,0,0.00081,0.00087,0.00087,
org.apache.catalina.filters.AddDefaultCharsetFilter,3,6,9,0,0,0,0,0,0,0.00081,0.00087,0.00087,
org.apache.catalina.filters.AddDefaultCharsetFilter$ResponseWrapper,1,5,6,0,0,0,0,0,0,0.00081,0.00087,0.00087,
org.apache.catalina.filters.Constants,7,1,8,0,0,0,0,0,0,0.00081,0.00087,0.00087,
org.apache.catalina.filters.CorsFilter,41,25,66,0,0,0,0,0,0,0.00081,0.00087,0.00087,
org.apache.catalina.filters.CorsFilter$1,1,1,2,0,0,0,0,0,0,0.00081,0.00087,0.00087,
org.apache.catalina.filters.CorsFilter$CORSRequestType,6,4,10,0,0,0,0,0,0,0.00081,0.00087,0.00087,
org.apache.catalina.filters.CsrfPreventionFilter,2,4,6,0,0,0,0,0,0,0.00081,0.00087,0.00087,
org.apache.catalina.filters.CsrfPreventionFilter$CsrfResponseWrapper,1,6,7,0,0,0,0,0,0,0.00081,0.00087,0.00087,
org.apache.catalina.filters.CsrfPreventionFilter$LruCache,2,3,5,0,0,0,0,0,0,0.00081,0.00087,0.00087,
org.apache.catalina.filters.CsrfPreventionFilter$LruCache$1,3,2,5,0,0,0,0,0,0,0.00081,0.00087,0.00087,
org.apache.catalina.filters.CsrfPreventionFilterBase,4,10,14,0,0,0,0,0,0,0.00081,0.00087,0.00087,
org.apache.catalina.filters.ExpiresFilter,11,26,37,0,0,0,0,0,0,0.00081,0.00087,0.00087,
org.apache.catalina.filters.ExpiresFilter$1,1,1,2,0,0,0,0,0,0,0.00081,0.00087,0.00087,
org.apache.catalina.filters.ExpiresFilter$Duration,2,4,6,0,0,0,0,0,0,0.00081,0.00087,0.00087,
org.apache.catalina.filters.ExpiresFilter$DurationUnit,9,5,14,0,0,0,0,0,0,0.00081,0.00087,0.00087,
org.apache.catalina.filters.ExpiresFilter$ExpiresConfiguration,2,4,6,0,0,0,0,0,0,0.00081,0.00087,0.00087,
org.apache.catalina.filters.ExpiresFilter$StartingPoint,3,4,7,0,0,0,0,0,0,0.00081,0.00087,0.00087,
org.apache.catalina.filters.ExpiresFilter$XHttpServletResponse,8,13,21,0,0,0,0,0,0,0.00081,0.00087,0.00087,
org.apache.catalina.filters.ExpiresFilter$XPrintWriter,4,39,43,0,0,0,0,0,0,0.00081,0.00087,0.00087,
org.apache.catalina.filters.ExpiresFilter$XServletOutputStream,4,24,28,0,0,0,0,0,0,0.00081,0.00087,0.00087,
org.apache.catalina.filters.FailedRequestFilter,1,6,7,0,0,0,0,0,0,0.00081,0.00087,0.00087,
org.apache.catalina.filters.FailedRequestFilter$1,1,1,2,0,0,0,0,0,0,0.00081,0.00087,0.00087,
org.apache.catalina.filters.FilterBase,1,5,6,0,0,0,0,0,0,0.00081,0.00087,0.00087,
org.apache.catalina.filters.HttpHeaderSecurityFilter,18,24,42,0,0,0,0,0,0,0.00081,0.00087,0.00087,
org.apache.catalina.filters.HttpHeaderSecurityFilter$XFrameOption,5,6,11,0,0,0,0,0,0,0.00081,0.00087,0.00087,
org.apache.catalina.filters.RemoteAddrFilter,1,4,5,0,0,0,0,0,0,0.00081,0.00087,0.00087,
org.apache.catalina.filters.RemoteHostFilter,1,4,5,0,0,0,0,0,0,0.00081,0.00087,0.00087,
org.apache.catalina.filters.RemoteIpFilter$XForwardedRequest,8,24,32,0,0,0,0,0,0,0.00081,0.00087,0.00087,
org.apache.catalina.filters.RemoteIpFilter$XForwardedRequest$1,0,3,3,0,0,0,0,0,0,0.00081,0.00087,0.00087,
org.apache.catalina.filters.RequestDumperFilter,5,5,10,0,0,0,0,0,0,0.00081,0.00087,0.00087,
org.apache.catalina.filters.RequestDumperFilter$1,0,3,3,0,0,0,0,0,0,0.00081,0.00087,0.00087,
org.apache.catalina.filters.RequestDumperFilter$Timestamp,3,6,9,0,0,0,0,0,0,0.00081,0.00087,0.00087,
org.apache.catalina.filters.RequestFilter,4,12,16,0,0,0,0,0,0,0.00081,0.00087,0.00087,
org.apache.catalina.filters.RestCsrfPreventionFilter$1,1,1,2,0,0,0,0,0,0,0.00081,0.00087,0.00087,
org.apache.catalina.filters.RestCsrfPreventionFilter$MethodType,3,4,7,0,0,0,0,0,0,0.00081,0.00087,0.00087,
org.apache.catalina.filters.RestCsrfPreventionFilter$NonceConsumer,0,1,1,0,0,0,0,0,0,0.00081,0.00087,0.00087,
org.apache.catalina.filters.RestCsrfPreventionFilter$NonceSupplier,0,1,1,0,0,0,0,0,0,0.00081,0.00087,0.00087,
org.apache.catalina.filters.RestCsrfPreventionFilter$StateChangingRequest,1,6,7,0,0,0,0,0,0,0.00081,0.00087,0.00087,
org.apache.catalina.filters.SessionInitializerFilter,0,2,2,0,0,0,0,0,0,0.00081,0.00087,0.00087,
org.apache.catalina.filters.SetCharacterEncodingFilter,3,9,12,0,0,0,0,0,0,0.00081,0.00087,0.00087,
org.apache.catalina.filters.WebdavFixFilter,5,4,9,0,0,0,0,0,0,0.00081,0.00087,0.00087,
org.apache.catalina.loader.Constants,1,1,2,0,0,0,0,0,0,0.00081,0.00087,0.00087,
org.apache.catalina.loader.JdbcLeakPrevention,0,2,2,0,0,0,0,0,0,0.00081,0.00087,0.00087,
org.apache.catalina.loader.ParallelWebappClassLoader,1,5,6,0,0,0,0,0,0,0.00081,0.00087,0.00087,
org.apache.catalina.loader.ResourceEntry,2,1,3,0,0,0,0,0,0,0.00081,0.00087,0.00087,
org.apache.catalina.loader.WebappClassLoaderBase,23,74,97,0,0,0,0,0,0,0.00081,0.00087,0.00087,
org.apache.catalina.loader.WebappClassLoaderBase$1,0,0,0,0,0,0,0,0,0,0.00081,0.00087,0.00087,
org.apache.catalina.loader.WebappClassLoaderBase$PrivilegedFindClassByName,2,3,5,0,0,0,0,0,0,0.00081,0.00087,0.00087,
org.apache.catalina.loader.WebappClassLoaderBase$PrivilegedGetClassLoader,1,3,4,0,0,0,0,0,0,0.00081,0.00087,0.00087,
org.apache.catalina.loader.WebappClassLoaderBase$PrivilegedHasLoggingConfig,1,4,5,0,0,0,0,0,0,0.00081,0.00087,0.00087,
org.apache.catalina.manager.DummyProxySession,1,38,39,0,0,0,0,0,0,0.00081,0.00087,0.00087,
org.apache.catalina.manager.HTMLManagerServlet$1,1,2,3,0,0,0,0,0,0,0.00081,0.00087,0.00087,
org.apache.catalina.manager.HTMLManagerServlet$10,1,2,3,0,0,0,0,0,0,0.00081,0.00087,0.00087,
org.apache.catalina.manager.HTMLManagerServlet$2,1,2,3,0,0,0,0,0,0,0.00081,0.00087,0.00087,
org.apache.catalina.manager.HTMLManagerServlet$3,1,2,3,0,0,0,0,0,0,0.00081,0.00087,0.00087,
org.apache.catalina.manager.HTMLManagerServlet$4,1,2,3,0,0,0,0,0,0,0.00081,0.00087,0.00087,
org.apache.catalina.manager.HTMLManagerServlet$5,1,2,3,0,0,0,0,0,0,0.00081,0.00087,0.00087,
org.apache.catalina.manager.HTMLManagerServlet$6,1,2,3,0,0,0,0,0,0,0.00081,0.00087,0.00087,
org.apache.catalina.manager.HTMLManagerServlet$7,1,2,3,0,0,0,0,0,0,0.00081,0.00087,0.00087,
org.apache.catalina.manager.HTMLManagerServlet$8,1,2,3,0,0,0,0,0,0,0.00081,0.00087,0.00087,
org.apache.catalina.manager.HTMLManagerServlet$9,1,2,3,0,0,0,0,0,0,0.00081,0.00087,0.00087,
org.apache.catalina.manager.JMXProxyServlet,4,13,17,0,0,0,0,0,0,0.00081,0.00087,0.00087,
org.apache.catalina.manager.JspHelper,3,14,17,0,0,0,0,0,0,0.00081,0.00087,0.00087,
org.apache.catalina.manager.StatusManagerServlet,7,6,13,0,0,0,0,0,0,0.00081,0.00087,0.00087,
org.apache.catalina.manager.StatusTransformer,0,20,20,0,0,0,0,0,0,0.00081,0.00087,0.00087,
org.apache.catalina.manager.util.BaseSessionComparator,0,4,4,0,0,0,0,0,0,0.00081,0.00087,0.00087,
org.apache.catalina.manager.util.SessionUtils,5,8,13,0,0,0,0,0,0,0.00081,0.00087,0.00087,
org.apache.catalina.mapper.Constants,1,1,2,0,0,0,0,0,0,0.00081,0.00087,0.00087,
org.apache.catalina.mapper.Mapper,6,48,54,0,0,0,0,0,0,0.00081,0.00087,0.00087,
org.apache.catalina.mapper.Mapper$ContextList,2,4,6,0,0,0,0,0,0,0.00081,0.00087,0.00087,
org.apache.catalina.mapper.Mapper$ContextVersion,10,3,13,0,0,0,0,0,0,0.00081,0.00087,0.00087,
org.apache.catalina.mapper.Mapper$MapElement,2,1,3,0,0,0,0,0,0,0.00081,0.00087,0.00087,
org.apache.catalina.mapper.Mapper$MappedContext,1,1,2,0,0,0,0,0,0,0.00081,0.00087,0.00087,
org.apache.catalina.mapper.Mapper$MappedHost,3,9,12,0,0,0,0,0,0,0.00081,0.00087,0.00087,
org.apache.catalina.mapper.Mapper$MappedWrapper,2,1,3,0,0,0,0,0,0,0.00081,0.00087,0.00087,
org.apache.catalina.mapper.MapperListener,5,18,23,0,0,0,0,0,0,0.00081,0.00087,0.00087,
org.apache.catalina.mapper.MappingData,12,2,14,0,0,0,0,0,0,0.00081,0.00087,0.00087,
org.apache.catalina.mapper.WrapperMappingInfo,4,5,9,0,0,0,0,0,0,0.00081,0.00087,0.00087,
org.apache.catalina.mbeans.BaseCatalinaMBean,0,3,3,0,0,0,0,0,0,0.00081,0.00087,0.00087,
org.apache.catalina.mbeans.ClassNameMBean,0,2,2,0,0,0,0,0,0,0.00081,0.00087,0.00087,
org.apache.catalina.mbeans.ConnectorMBean,0,3,3,0,0,0,0,0,0,0.00081,0.00087,0.00087,
org.apache.catalina.mbeans.ContainerMBean,0,9,9,0,0,0,0,0,0,0.00081,0.00087,0.00087,
org.apache.catalina.mbeans.ContextEnvironmentMBean,0,2,2,0,0,0,0,0,0,0.00081,0.00087,0.00087,
org.apache.catalina.mbeans.ContextMBean,0,9,9,0,0,0,0,0,0,0.00081,0.00087,0.00087,
org.apache.catalina.mbeans.ContextResourceLinkMBean,0,3,3,0,0,0,0,0,0,0.00081,0.00087,0.00087,
org.apache.catalina.mbeans.ContextResourceMBean,0,3,3,0,0,0,0,0,0,0.00081,0.00087,0.00087,
org.apache.catalina.mbeans.GlobalResourcesLifecycleListener,3,7,10,0,0,0,0,0,0,0.00081,0.00087,0.00087,
org.apache.catalina.mbeans.GroupMBean,2,5,7,0,0,0,0,0,0,0.00081,0.00087,0.00087,
org.apache.catalina.mbeans.MBeanDumper,2,7,9,0,0,0,0,0,0,0.00081,0.00087,0.00087,
org.apache.catalina.mbeans.MBeanFactory,4,32,36,0,0,0,0,0,0,0.00081,0.00087,0.00087,
org.apache.catalina.mbeans.MBeanUtils,3,27,30,0,0,0,0,0,0,0.00081,0.00087,0.00087,
org.apache.catalina.mbeans.MemoryUserDatabaseMBean,5,13,18,0,0,0,0,0,0,0.00081,0.00087,0.00087,
org.apache.catalina.mbeans.NamingResourcesMBean,2,10,12,0,0,0,0,0,0,0.00081,0.00087,0.00087,
org.apache.catalina.mbeans.RoleMBean,2,1,3,0,0,0,0,0,0,0.00081,0.00087,0.00087,
org.apache.catalina.mbeans.ServiceMBean,0,6,6,0,0,0,0,0,0,0.00081,0.00087,0.00087,
org.apache.catalina.mbeans.UserMBean,2,7,9,0,0,0,0,0,0,0.00081,0.00087,0.00087,
org.apache.catalina.realm.DigestCredentialHandlerBase,7,18,25,0,0,0,0,0,0,0.00081,0.00087,0.00087,
org.apache.catalina.realm.GenericPrincipal,7,14,21,0,0,0,0,0,0,0.00081,0.00087,0.00087,
org.apache.catalina.realm.GenericPrincipal$SerializablePrincipal,5,2,7,0,0,0,0,0,0,0.00081,0.00087,0.00087,
org.apache.catalina.realm.JAASCallbackHandler,11,4,15,0,0,0,0,0,0,0.00081,0.00087,0.00087,
org.apache.catalina.realm.JAASMemoryLoginModule,8,9,17,0,0,0,0,0,0,0.00081,0.00087,0.00087,
org.apache.catalina.realm.JNDIRealm$User,5,6,11,0,0,0,0,0,0,0.00081,0.00087,0.00087,
org.apache.catalina.realm.LockOutRealm,6,21,27,0,0,0,0,0,0,0.00081,0.00087,0.00087,
org.apache.catalina.realm.LockOutRealm$1,2,2,4,0,0,0,0,0,0,0.00081,0.00087,0.00087,
org.apache.catalina.realm.LockOutRealm$LockRecord,2,5,7,0,0,0,0,0,0,0.00081,0.00087,0.00087,
org.apache.catalina.realm.MemoryRuleSet,1,3,4,0,0,0,0,0,0,0.00081,0.00087,0.00087,
org.apache.catalina.realm.MemoryUserRule,0,2,2,0,0,0,0,0,0,0.00081,0.00087,0.00087,
org.apache.catalina.realm.MessageDigestCredentialHandler,4,10,14,0,0,0,0,0,0,0.00081,0.00087,0.00087,
org.apache.catalina.realm.NestedCredentialHandler,1,5,6,0,0,0,0,0,0,0.00081,0.00087,0.00087,
org.apache.catalina.realm.NullRealm,0,3,3,0,0,0,0,0,0,0.00081,0.00087,0.00087,
org.apache.catalina.realm.RealmBase$AllRolesMode,4,6,10,0,0,0,0,0,0,0.00081,0.00087,0.00087,
org.apache.catalina.realm.SecretKeyCredentialHandler,6,11,17,0,0,0,0,0,0,0.00081,0.00087,0.00087,
org.apache.catalina.realm.X509SubjectDnRetriever,0,2,2,0,0,0,0,0,0,0.00081,0.00087,0.00087,
org.apache.catalina.realm.X509UsernameRetriever,0,1,1,0,0,0,0,0,0,0.00081,0.00087,0.00087,
org.apache.catalina.security.Constants,2,1,3,0,0,0,0,0,0,0.00081,0.00087,0.00087,
org.apache.catalina.security.DeployXmlPermission,1,2,3,0,0,0,0,0,0,0.00081,0.00087,0.00087,
org.apache.catalina.security.SecurityClassLoad,0,13,13,0,0,0,0,0,0,0.00081,0.00087,0.00087,
org.apache.catalina.security.SecurityConfig,6,6,12,0,0,0,0,0,0,0.00081,0.00087,0.00087,
org.apache.catalina.security.SecurityListener,6,10,16,0,0,0,0,0,0,0.00081,0.00087,0.00087,
org.apache.catalina.security.SecurityUtil,16,13,29,0,0,0,0,0,0,0.00081,0.00087,0.00087,
org.apache.catalina.security.SecurityUtil$1,3,3,6,0,0,0,0,0,0,0.00081,0.00087,0.00087,
org.apache.catalina.servlets.CGIServlet$CGIEnvironment,12,15,27,0,0,0,0,0,0,0.00081,0.00087,0.00087,
org.apache.catalina.servlets.CGIServlet$CGIRunner,8,11,19,0,0,0,0,0,0,0.00081,0.00087,0.00087,
org.apache.catalina.servlets.CGIServlet$CGIRunner$1,2,2,4,0,0,0,0,0,0,0.00081,0.00087,0.00087,
org.apache.catalina.servlets.CGIServlet$HTTPHeaderInputStream,7,2,9,0,0,0,0,0,0,0.00081,0.00087,0.00087,
org.apache.catalina.servlets.Constants,1,1,2,0,0,0,0,0,0,0.00081,0.00087,0.00087,
org.apache.catalina.servlets.DefaultServlet$1,0,0,0,0,0,0,0,0,0,0.00081,0.00087,0.00087,
org.apache.catalina.servlets.DefaultServlet$CompressionFormat,3,1,4,0,0,0,0,0,0,0.00081,0.00087,0.00087,
org.apache.catalina.servlets.DefaultServlet$PrecompressedResource,2,2,4,0,0,0,0,0,0,0.00081,0.00087,0.00087,
org.apache.catalina.servlets.DefaultServlet$Range,3,2,5,0,0,0,0,0,0,0.00081,0.00087,0.00087,
org.apache.catalina.servlets.DefaultServlet$SecureEntityResolver,0,5,5,0,0,0,0,0,0,0.00081,0.00087,0.00087,
org.apache.catalina.servlets.WebdavServlet$LockInfo,10,5,15,0,0,0,0,0,0,0.00081,0.00087,0.00087,
org.apache.catalina.servlets.WebdavServlet$WebdavResolver,1,2,3,0,0,0,0,0,0,0.00081,0.00087,0.00087,
org.apache.catalina.servlets.WebdavStatus,27,4,31,0,0,0,0,0,0,0.00081,0.00087,0.00087,
org.apache.catalina.session.Constants,1,2,3,0,0,0,0,0,0,0.00081,0.00087,0.00087,
org.apache.catalina.session.ManagerBase$SessionTiming,2,3,5,0,0,0,0,0,0,0.00081,0.00087,0.00087,
org.apache.catalina.session.PersistentManager,1,2,3,0,0,0,0,0,0,0.00081,0.00087,0.00087,
org.apache.catalina.session.PersistentManagerBase$PrivilegedStoreClear,1,3,4,0,0,0,0,0,0,0.00081,0.00087,0.00087,
org.apache.catalina.session.PersistentManagerBase$PrivilegedStoreKeys,1,3,4,0,0,0,0,0,0,0.00081,0.00087,0.00087,
org.apache.catalina.session.PersistentManagerBase$PrivilegedStoreLoad,2,3,5,0,0,0,0,0,0,0.00081,0.00087,0.00087,
org.apache.catalina.session.PersistentManagerBase$PrivilegedStoreRemove,2,3,5,0,0,0,0,0,0,0.00081,0.00087,0.00087,
org.apache.catalina.session.PersistentManagerBase$PrivilegedStoreSave,2,3,5,0,0,0,0,0,0,0.00081,0.00087,0.00087,
org.apache.catalina.session.StandardManager$PrivilegedDoLoad,1,3,4,0,0,0,0,0,0,0.00081,0.00087,0.00087,
org.apache.catalina.session.StandardManager$PrivilegedDoUnload,1,3,4,0,0,0,0,0,0,0.00081,0.00087,0.00087,
org.apache.catalina.session.StandardSession$PrivilegedNewSessionFacade,1,3,4,0,0,0,0,0,0,0.00081,0.00087,0.00087,
org.apache.catalina.session.StandardSessionContext,1,4,5,0,0,0,0,0,0,0.00081,0.00087,0.00087,
org.apache.catalina.session.StandardSessionFacade,1,18,19,0,0,0,0,0,0,0.00081,0.00087,0.00087,
org.apache.catalina.session.TooManyActiveSessionsException,2,2,4,0,0,0,0,0,0,0.00081,0.00087,0.00087,
org.apache.catalina.ssi.ByteArrayServletOutputStream,1,5,6,0,0,0,0,0,0,0.00081,0.00087,0.00087,
org.apache.catalina.ssi.ExpressionParseTree,7,6,13,0,0,0,0,0,0,0.00081,0.00087,0.00087,
org.apache.catalina.ssi.ExpressionParseTree$1,0,0,0,0,0,0,0,0,0,0.00081,0.00087,0.00087,
org.apache.catalina.ssi.ExpressionParseTree$AndNode,1,5,6,0,0,0,0,0,0,0.00081,0.00087,0.00087,
org.apache.catalina.ssi.ExpressionParseTree$CompareNode,1,3,4,0,0,0,0,0,0,0.00081,0.00087,0.00087,
org.apache.catalina.ssi.ExpressionParseTree$EqualNode,1,5,6,0,0,0,0,0,0,0.00081,0.00087,0.00087,
org.apache.catalina.ssi.ExpressionParseTree$GreaterThanNode,1,5,6,0,0,0,0,0,0,0.00081,0.00087,0.00087,
org.apache.catalina.ssi.ExpressionParseTree$LessThanNode,1,5,6,0,0,0,0,0,0,0.00081,0.00087,0.00087,
org.apache.catalina.ssi.ExpressionParseTree$Node,1,3,4,0,0,0,0,0,0,0.00081,0.00087,0.00087,
org.apache.catalina.ssi.ExpressionParseTree$NotNode,1,6,7,0,0,0,0,0,0,0.00081,0.00087,0.00087,
org.apache.catalina.ssi.ExpressionParseTree$OppNode,3,4,7,0,0,0,0,0,0,0.00081,0.00087,0.00087,
org.apache.catalina.ssi.ExpressionParseTree$OrNode,1,5,6,0,0,0,0,0,0,0.00081,0.00087,0.00087,
org.apache.catalina.ssi.ExpressionParseTree$StringNode,3,4,7,0,0,0,0,0,0,0.00081,0.00087,0.00087,
org.apache.catalina.ssi.ExpressionTokenizer,17,6,23,0,0,0,0,0,0,0.00081,0.00087,0.00087,
org.apache.catalina.ssi.ResponseIncludeWrapper,11,12,23,0,0,0,0,0,0,0.00081,0.00087,0.00087,
org.apache.catalina.ssi.SSICommand,0,1,1,0,0,0,0,0,0,0.00081,0.00087,0.00087,
org.apache.catalina.ssi.SSIConditional,0,4,4,0,0,0,0,0,0,0.00081,0.00087,0.00087,
org.apache.catalina.ssi.SSIConditionalState,3,1,4,0,0,0,0,0,0,0.00081,0.00087,0.00087,
org.apache.catalina.ssi.SSIConfig,0,2,2,0,0,0,0,0,0,0.00081,0.00087,0.00087,
org.apache.catalina.ssi.SSIEcho,2,3,5,0,0,0,0,0,0,0.00081,0.00087,0.00087,
org.apache.catalina.ssi.SSIExec,2,2,4,0,0,0,0,0,0,0.00081,0.00087,0.00087,
org.apache.catalina.ssi.SSIExternalResolver,0,8,8,0,0,0,0,0,0,0.00081,0.00087,0.00087,
org.apache.catalina.ssi.SSIFilter,7,3,10,0,0,0,0,0,0,0.00081,0.00087,0.00087,
org.apache.catalina.ssi.SSIFlastmod,0,3,3,0,0,0,0,0,0,0.00081,0.00087,0.00087,
org.apache.catalina.ssi.SSIFsize,2,5,7,0,0,0,0,0,0,0.00081,0.00087,0.00087,
org.apache.catalina.ssi.SSIInclude,0,2,2,0,0,0,0,0,0,0.00081,0.00087,0.00087,
org.apache.catalina.ssi.SSIMediator,11,23,34,0,0,0,0,0,0,0.00081,0.00087,0.00087,
org.apache.catalina.ssi.SSIPrintenv,0,2,2,0,0,0,0,0,0,0.00081,0.00087,0.00087,
org.apache.catalina.ssi.SSIProcessor,6,10,16,0,0,0,0,0,0,0.00081,0.00087,0.00087,
org.apache.catalina.ssi.SSIServlet,8,6,14,0,0,0,0,0,0,0.00081,0.00087,0.00087,
org.apache.catalina.ssi.SSIServletExternalResolver,7,21,28,0,0,0,0,0,0,0.00081,0.00087,0.00087,
org.apache.catalina.ssi.SSIServletExternalResolver$ServletContextAndPath,2,3,5,0,0,0,0,0,0,0.00081,0.00087,0.00087,
org.apache.catalina.ssi.SSIServletRequestUtil,0,2,2,0,0,0,0,0,0,0.00081,0.00087,0.00087,
org.apache.catalina.ssi.SSISet,0,2,2,0,0,0,0,0,0,0.00081,0.00087,0.00087,
org.apache.catalina.ssi.SSIStopProcessingException,1,1,2,0,0,0,0,0,0,0.00081,0.00087,0.00087,
org.apache.catalina.startup.Bootstrap,9,23,32,0,0,0,0,0,0,0.00081,0.00087,0.00087,
org.apache.catalina.startup.Catalina$CatalinaShutdownHook,1,2,3,0,0,0,0,0,0,0.00081,0.00087,0.00087,
org.apache.catalina.startup.CatalinaProperties,2,5,7,0,0,0,0,0,0,0.00081,0.00087,0.00087,
org.apache.catalina.startup.CertificateCreateRule,0,3,3,0,0,0,0,0,0,0.00081,0.00087,0.00087,
org.apache.catalina.startup.ClassLoaderFactory,1,7,8,0,0,0,0,0,0,0.00081,0.00087,0.00087,
org.apache.catalina.startup.ClassLoaderFactory$1,2,3,5,0,0,0,0,0,0,0.00081,0.00087,0.00087,
org.apache.catalina.startup.ClassLoaderFactory$2,2,3,5,0,0,0,0,0,0,0.00081,0.00087,0.00087,
org.apache.catalina.startup.ClassLoaderFactory$Repository,2,3,5,0,0,0,0,0,0,0.00081,0.00087,0.00087,
org.apache.catalina.startup.ClassLoaderFactory$RepositoryType,5,4,9,0,0,0,0,0,0,0.00081,0.00087,0.00087,
org.apache.catalina.startup.ConnectorCreateRule,2,6,8,0,0,0,0,0,0,0.00081,0.00087,0.00087,
org.apache.catalina.startup.Constants,10,1,11,0,0,0,0,0,0,0.00081,0.00087,0.00087,
org.apache.catalina.startup.ContextConfig$DefaultWebXmlCacheEntry,3,4,7,0,0,0,0,0,0,0.00081,0.00087,0.00087,
org.apache.catalina.startup.ContextConfig$JavaClassCacheEntry,3,5,8,0,0,0,0,0,0,0.00081,0.00087,0.00087,
org.apache.catalina.startup.ContextRuleSet,2,4,6,0,0,0,0,0,0,0.00081,0.00087,0.00087,
org.apache.catalina.startup.CopyParentClassLoaderRule,0,2,2,0,0,0,0,0,0,0.00081,0.00087,0.00087,
org.apache.catalina.startup.CredentialHandlerRuleSet,2,5,7,0,0,0,0,0,0,0.00081,0.00087,0.00087,
org.apache.catalina.startup.EngineConfig,3,5,8,0,0,0,0,0,0,0.00081,0.00087,0.00087,
org.apache.catalina.startup.EngineRuleSet,1,3,4,0,0,0,0,0,0,0.00081,0.00087,0.00087,
org.apache.catalina.startup.HomesUserDatabase,2,6,8,0,0,0,0,0,0,0.00081,0.00087,0.00087,
org.apache.catalina.startup.HostConfig$DeployDescriptor,3,2,5,0,0,0,0,0,0,0.00081,0.00087,0.00087,
org.apache.catalina.startup.HostConfig$DeployDirectory,3,2,5,0,0,0,0,0,0,0.00081,0.00087,0.00087,
org.apache.catalina.startup.HostConfig$DeployWar,3,2,5,0,0,0,0,0,0,0.00081,0.00087,0.00087,
org.apache.catalina.startup.HostConfig$DeployedApplication,6,1,7,0,0,0,0,0,0,0.00081,0.00087,0.00087,
org.apache.catalina.startup.HostConfig$ExpandedDirectoryRemovalListener,2,2,4,0,0,0,0,0,0,0.00081,0.00087,0.00087,
org.apache.catalina.startup.HostRuleSet,1,3,4,0,0,0,0,0,0,0.00081,0.00087,0.00087,
org.apache.catalina.startup.LifecycleListenerRule,2,2,4,0,0,0,0,0,0,0.00081,0.00087,0.00087,
org.apache.catalina.startup.NamingRuleSet,1,3,4,0,0,0,0,0,0,0.00081,0.00087,0.00087,
org.apache.catalina.startup.PasswdUserDatabase,5,7,12,0,0,0,0,0,0,0.00081,0.00087,0.00087,
org.apache.catalina.startup.RealmRuleSet,2,5,7,0,0,0,0,0,0,0.00081,0.00087,0.00087,
org.apache.catalina.startup.SafeForkJoinWorkerThreadFactory,0,2,2,0,0,0,0,0,0,0.00081,0.00087,0.00087,
org.apache.catalina.startup.SafeForkJoinWorkerThreadFactory$SafeForkJoinWorkerThread,0,1,1,0,0,0,0,0,0,0.00081,0.00087,0.00087,
org.apache.catalina.startup.SetAllPropertiesRule,1,3,4,0,0,0,0,0,0,0.00081,0.00087,0.00087,
org.apache.catalina.startup.SetContextPropertiesRule,0,2,2,0,0,0,0,0,0,0.00081,0.00087,0.00087,
org.apache.catalina.startup.SetNextNamingRule,2,3,5,0,0,0,0,0,0,0.00081,0.00087,0.00087,
org.apache.catalina.startup.SetParentClassLoaderRule,1,2,3,0,0,0,0,0,0,0.00081,0.00087,0.00087,
org.apache.catalina.startup.Tomcat$1,0,0,0,0,0,0,0,0,0,0.00081,0.00087,0.00087,
org.apache.catalina.startup.Tomcat$DefaultWebXmlListener,0,2,2,0,0,0,0,0,0,0.00081,0.00087,0.00087,
org.apache.catalina.startup.Tomcat$ExistingStandardWrapper,1,7,8,0,0,0,0,0,0,0.00081,0.00087,0.00087,
org.apache.catalina.startup.Tomcat$FixContextListener,0,2,2,0,0,0,0,0,0,0.00081,0.00087,0.00087,
org.apache.catalina.startup.Tomcat$SimpleRealm,1,4,5,0,0,0,0,0,0,0.00081,0.00087,0.00087,
org.apache.catalina.startup.Tool,6,4,10,0,0,0,0,0,0,0.00081,0.00087,0.00087,
org.apache.catalina.startup.UserConfig,10,23,33,0,0,0,0,0,0,0.00081,0.00087,0.00087,
org.apache.catalina.startup.UserConfig$DeployUserDirectory,3,2,5,0,0,0,0,0,0,0.00081,0.00087,0.00087,
org.apache.catalina.startup.UserDatabase,0,4,4,0,0,0,0,0,0,0.00081,0.00087,0.00087,
org.apache.catalina.startup.VersionLoggerListener,5,10,15,0,0,0,0,0,0,0.00081,0.00087,0.00087,
org.apache.catalina.startup.WebAnnotationSet,2,13,15,0,0,0,0,0,0,0.00081,0.00087,0.00087,
org.apache.catalina.startup.WebappServiceLoader,5,4,9,0,0,0,0,0,0,0.00081,0.00087,0.00087,
org.apache.catalina.users.AbstractGroup,2,13,15,0,0,0,0,0,0,0.00081,0.00087,0.00087,
org.apache.catalina.users.AbstractRole,2,7,9,0,0,0,0,0,0,0.00081,0.00087,0.00087,
org.apache.catalina.users.AbstractUser,3,18,21,0,0,0,0,0,0,0.00081,0.00087,0.00087,
org.apache.catalina.users.Constants,1,1,2,0,0,0,0,0,0,0.00081,0.00087,0.00087,
org.apache.catalina.users.MemoryGroupCreationFactory,1,2,3,0,0,0,0,0,0,0.00081,0.00087,0.00087,
org.apache.catalina.users.MemoryRole,1,3,4,0,0,0,0,0,0,0.00081,0.00087,0.00087,
org.apache.catalina.users.MemoryRoleCreationFactory,1,2,3,0,0,0,0,0,0,0.00081,0.00087,0.00087,
org.apache.catalina.users.MemoryUserCreationFactory,1,2,3,0,0,0,0,0,0,0.00081,0.00087,0.00087,
org.apache.catalina.users.MemoryUserDatabase,10,25,35,0,0,0,0,0,0,0.00081,0.00087,0.00087,
org.apache.catalina.users.MemoryUserDatabaseFactory,0,2,2,0,0,0,0,0,0,0.00081,0.00087,0.00087,
org.apache.catalina.util.CharsetMapper,2,4,6,0,0,0,0,0,0,0.00081,0.00087,0.00087,
org.apache.catalina.util.ConcurrentDateFormat,7,5,12,0,0,0,0,0,0,0.00081,0.00087,0.00087,
org.apache.catalina.util.ContextName,7,8,15,0,0,0,0,0,0,0.00081,0.00087,0.00087,
org.apache.catalina.util.CustomObjectInputStream,8,5,13,0,0,0,0,0,0,0.00081,0.00087,0.00087,
org.apache.catalina.util.DOMWriter,1,4,5,0,0,0,0,0,0,0.00081,0.00087,0.00087,
org.apache.catalina.util.Extension,8,20,28,0,0,0,0,0,0,0.00081,0.00087,0.00087,
org.apache.catalina.util.ExtensionValidator,4,8,12,0,0,0,0,0,0,0.00081,0.00087,0.00087,
org.apache.catalina.util.IOTools,1,4,5,0,0,0,0,0,0,0.00081,0.00087,0.00087,
org.apache.catalina.util.Introspection,1,9,10,0,0,0,0,0,0,0.00081,0.00087,0.00087,
org.apache.catalina.util.Introspection$1,1,3,4,0,0,0,0,0,0,0.00081,0.00087,0.00087,
org.apache.catalina.util.Introspection$2,1,3,4,0,0,0,0,0,0,0.00081,0.00087,0.00087,
org.apache.catalina.util.LifecycleMBeanBase,5,15,20,0,0,0,0,0,0,0.00081,0.00087,0.00087,
org.apache.catalina.util.ManifestResource,7,11,18,0,0,0,0,0,0,0.00081,0.00087,0.00087,
org.apache.catalina.util.ParameterMap,5,20,25,0,0,0,0,0,0,0.00081,0.00087,0.00087,
org.apache.catalina.util.RequestUtil,0,2,2,0,0,0,0,0,0,0.00081,0.00087,0.00087,
org.apache.catalina.util.ResourceSet,3,10,13,0,0,0,0,0,0,0.00081,0.00087,0.00087,
org.apache.catalina.util.ServerInfo,3,6,9,0,0,0,0,0,0,0.00081,0.00087,0.00087,
org.apache.catalina.util.SessionConfig,2,4,6,0,0,0,0,0,0,0.00081,0.00087,0.00087,
org.apache.catalina.util.SessionIdGeneratorBase,8,19,27,0,0,0,0,0,0,0.00081,0.00087,0.00087,
org.apache.catalina.util.StandardSessionIdGenerator,0,2,2,0,0,0,0,0,0,0.00081,0.00087,0.00087,
org.apache.catalina.util.Strftime,2,8,10,0,0,0,0,0,0,0.00081,0.00087,0.00087,
org.apache.catalina.util.TLSUtil,0,2,2,0,0,0,0,0,0,0.00081,0.00087,0.00087,
org.apache.catalina.util.ToStringUtil,0,5,5,0,0,0,0,0,0,0.00081,0.00087,0.00087,
org.apache.catalina.util.TomcatCSS,1,1,2,0,0,0,0,0,0,0.00081,0.00087,0.00087,
org.apache.catalina.util.URLEncoder,5,8,13,0,0,0,0,0,0,0.00081,0.00087,0.00087,
org.apache.catalina.util.XMLWriter,5,10,15,0,0,0,0,0,0,0.00081,0.00087,0.00087,
org.apache.catalina.valves.AbstractAccessLogValve,17,29,46,0,0,0,0,0,0,0.00081,0.00087,0.00087,
org.apache.catalina.valves.AbstractAccessLogValve$1,0,3,3,0,0,0,0,0,0,0.00081,0.00087,0.00087,
org.apache.catalina.valves.AbstractAccessLogValve$2,0,3,3,0,0,0,0,0,0,0.00081,0.00087,0.00087,
org.apache.catalina.valves.AbstractAccessLogValve$AccessLogElement,0,1,1,0,0,0,0,0,0,0.00081,0.00087,0.00087,
org.apache.catalina.valves.AbstractAccessLogValve$ByteSentElement,1,2,3,0,0,0,0,0,0,0.00081,0.00087,0.00087,
org.apache.catalina.valves.AbstractAccessLogValve$ConnectionStatusElement,0,2,2,0,0,0,0,0,0,0.00081,0.00087,0.00087,
org.apache.catalina.valves.AbstractAccessLogValve$CookieElement,1,2,3,0,0,0,0,0,0,0.00081,0.00087,0.00087,
org.apache.catalina.valves.AbstractAccessLogValve$DateAndTimeElement,13,4,17,0,0,0,0,0,0,0.00081,0.00087,0.00087,
org.apache.catalina.valves.AbstractAccessLogValve$DateFormatCache,5,6,11,0,0,0,0,0,0,0.00081,0.00087,0.00087,
org.apache.catalina.valves.AbstractAccessLogValve$DateFormatCache$Cache,12,7,19,0,0,0,0,0,0,0.00081,0.00087,0.00087,
org.apache.catalina.valves.AbstractAccessLogValve$ElapsedTimeElement,1,2,3,0,0,0,0,0,0,0.00081,0.00087,0.00087,
org.apache.catalina.valves.AbstractAccessLogValve$FirstByteTimeElement,0,2,2,0,0,0,0,0,0,0.00081,0.00087,0.00087,
org.apache.catalina.valves.AbstractAccessLogValve$FormatType,6,4,10,0,0,0,0,0,0,0.00081,0.00087,0.00087,
org.apache.catalina.valves.AbstractAccessLogValve$HeaderElement,1,2,3,0,0,0,0,0,0,0.00081,0.00087,0.00087,
org.apache.catalina.valves.AbstractAccessLogValve$HostElement,1,2,3,0,0,0,0,0,0,0.00081,0.00087,0.00087,
org.apache.catalina.valves.AbstractAccessLogValve$HttpStatusCodeElement,0,2,2,0,0,0,0,0,0,0.00081,0.00087,0.00087,
org.apache.catalina.valves.AbstractAccessLogValve$LocalAddrElement,1,3,4,0,0,0,0,0,0,0.00081,0.00087,0.00087,
org.apache.catalina.valves.AbstractAccessLogValve$LocalServerNameElement,0,2,2,0,0,0,0,0,0,0.00081,0.00087,0.00087,
org.apache.catalina.valves.AbstractAccessLogValve$LogicalUserNameElement,0,2,2,0,0,0,0,0,0,0.00081,0.00087,0.00087,
org.apache.catalina.valves.AbstractAccessLogValve$MethodElement,0,2,2,0,0,0,0,0,0,0.00081,0.00087,0.00087,
org.apache.catalina.valves.AbstractAccessLogValve$PortElement,4,3,7,0,0,0,0,0,0,0.00081,0.00087,0.00087,
org.apache.catalina.valves.AbstractAccessLogValve$PortType,3,4,7,0,0,0,0,0,0,0.00081,0.00087,0.00087,
org.apache.catalina.valves.AbstractAccessLogValve$ProtocolElement,1,2,3,0,0,0,0,0,0,0.00081,0.00087,0.00087,
org.apache.catalina.valves.AbstractAccessLogValve$QueryElement,0,2,2,0,0,0,0,0,0,0.00081,0.00087,0.00087,
org.apache.catalina.valves.AbstractAccessLogValve$RemoteAddrElement,1,2,3,0,0,0,0,0,0,0.00081,0.00087,0.00087,
org.apache.catalina.valves.AbstractAccessLogValve$RequestAttributeElement,1,2,3,0,0,0,0,0,0,0.00081,0.00087,0.00087,
org.apache.catalina.valves.AbstractAccessLogValve$RequestElement,0,2,2,0,0,0,0,0,0,0.00081,0.00087,0.00087,
org.apache.catalina.valves.AbstractAccessLogValve$RequestURIElement,0,2,2,0,0,0,0,0,0,0.00081,0.00087,0.00087,
org.apache.catalina.valves.AbstractAccessLogValve$ResponseHeaderElement,1,2,3,0,0,0,0,0,0,0.00081,0.00087,0.00087,
org.apache.catalina.valves.AbstractAccessLogValve$SessionAttributeElement,1,2,3,0,0,0,0,0,0,0.00081,0.00087,0.00087,
org.apache.catalina.valves.AbstractAccessLogValve$SessionIdElement,0,2,2,0,0,0,0,0,0,0.00081,0.00087,0.00087,
org.apache.catalina.valves.AbstractAccessLogValve$StringElement,1,2,3,0,0,0,0,0,0,0.00081,0.00087,0.00087,
org.apache.catalina.valves.AbstractAccessLogValve$ThreadNameElement,0,2,2,0,0,0,0,0,0,0.00081,0.00087,0.00087,
org.apache.catalina.valves.AbstractAccessLogValve$UserElement,0,2,2,0,0,0,0,0,0,0.00081,0.00087,0.00087,
org.apache.catalina.valves.Constants,1,1,2,0,0,0,0,0,0,0.00081,0.00087,0.00087,
org.apache.catalina.valves.Constants$AccessLog,4,1,5,0,0,0,0,0,0,0.00081,0.00087,0.00087,
org.apache.catalina.valves.CrawlerSessionManagerValve,8,12,20,0,0,0,0,0,0,0.00081,0.00087,0.00087,
org.apache.catalina.valves.ErrorReportValve,2,8,10,0,0,0,0,0,0,0.00081,0.00087,0.00087,
org.apache.catalina.valves.ExtendedAccessLogValve$1,1,2,3,0,0,0,0,0,0,0.00081,0.00087,0.00087,
org.apache.catalina.valves.ExtendedAccessLogValve$10,1,2,3,0,0,0,0,0,0,0.00081,0.00087,0.00087,
org.apache.catalina.valves.ExtendedAccessLogValve$11,1,2,3,0,0,0,0,0,0,0.00081,0.00087,0.00087,
org.apache.catalina.valves.ExtendedAccessLogValve$12,1,2,3,0,0,0,0,0,0,0.00081,0.00087,0.00087,
org.apache.catalina.valves.ExtendedAccessLogValve$13,1,2,3,0,0,0,0,0,0,0.00081,0.00087,0.00087,
org.apache.catalina.valves.ExtendedAccessLogValve$14,1,2,3,0,0,0,0,0,0,0.00081,0.00087,0.00087,
org.apache.catalina.valves.ExtendedAccessLogValve$2,1,2,3,0,0,0,0,0,0,0.00081,0.00087,0.00087,
org.apache.catalina.valves.ExtendedAccessLogValve$3,1,2,3,0,0,0,0,0,0,0.00081,0.00087,0.00087,
org.apache.catalina.valves.ExtendedAccessLogValve$4,1,2,3,0,0,0,0,0,0,0.00081,0.00087,0.00087,
org.apache.catalina.valves.ExtendedAccessLogValve$5,1,2,3,0,0,0,0,0,0,0.00081,0.00087,0.00087,
org.apache.catalina.valves.ExtendedAccessLogValve$6,1,2,3,0,0,0,0,0,0,0.00081,0.00087,0.00087,
org.apache.catalina.valves.ExtendedAccessLogValve$7,1,2,3,0,0,0,0,0,0,0.00081,0.00087,0.00087,
org.apache.catalina.valves.ExtendedAccessLogValve$8,1,2,3,0,0,0,0,0,0,0.00081,0.00087,0.00087,
org.apache.catalina.valves.ExtendedAccessLogValve$9,1,2,3,0,0,0,0,0,0,0.00081,0.00087,0.00087,
org.apache.catalina.valves.ExtendedAccessLogValve$CookieElement,1,2,3,0,0,0,0,0,0,0.00081,0.00087,0.00087,
org.apache.catalina.valves.ExtendedAccessLogValve$DateElement,2,3,5,0,0,0,0,0,0,0.00081,0.00087,0.00087,
org.apache.catalina.valves.ExtendedAccessLogValve$DateElement$1,0,3,3,0,0,0,0,0,0,0.00081,0.00087,0.00087,
org.apache.catalina.valves.ExtendedAccessLogValve$ElementTimestampStruct,3,5,8,0,0,0,0,0,0,0.00081,0.00087,0.00087,
org.apache.catalina.valves.ExtendedAccessLogValve$PatternTokenizer,5,8,13,0,0,0,0,0,0,0.00081,0.00087,0.00087,
org.apache.catalina.valves.ExtendedAccessLogValve$RequestAttributeElement,1,2,3,0,0,0,0,0,0,0.00081,0.00087,0.00087,
org.apache.catalina.valves.ExtendedAccessLogValve$RequestHeaderElement,1,2,3,0,0,0,0,0,0,0.00081,0.00087,0.00087,
org.apache.catalina.valves.ExtendedAccessLogValve$RequestParameterElement,1,3,4,0,0,0,0,0,0,0.00081,0.00087,0.00087,
org.apache.catalina.valves.ExtendedAccessLogValve$ResponseAllHeaderElement,1,2,3,0,0,0,0,0,0,0.00081,0.00087,0.00087,
org.apache.catalina.valves.ExtendedAccessLogValve$ResponseHeaderElement,1,2,3,0,0,0,0,0,0,0.00081,0.00087,0.00087,
org.apache.catalina.valves.ExtendedAccessLogValve$ServletContextElement,1,2,3,0,0,0,0,0,0,0.00081,0.00087,0.00087,
org.apache.catalina.valves.ExtendedAccessLogValve$SessionAttributeElement,1,2,3,0,0,0,0,0,0,0.00081,0.00087,0.00087,
org.apache.catalina.valves.ExtendedAccessLogValve$TimeElement,2,3,5,0,0,0,0,0,0,0.00081,0.00087,0.00087,
org.apache.catalina.valves.ExtendedAccessLogValve$TimeElement$1,0,3,3,0,0,0,0,0,0,0.00081,0.00087,0.00087,
org.apache.catalina.valves.LoadBalancerDrainingValve,4,7,11,0,0,0,0,0,0,0.00081,0.00087,0.00087,
org.apache.catalina.valves.PersistentValve,2,7,9,0,0,0,0,0,0,0.00081,0.00087,0.00087,
org.apache.catalina.valves.RemoteAddrValve,1,4,5,0,0,0,0,0,0,0.00081,0.00087,0.00087,
org.apache.catalina.valves.RemoteHostValve,1,4,5,0,0,0,0,0,0,0.00081,0.00087,0.00087,
org.apache.catalina.valves.RequestFilterValve,9,20,29,0,0,0,0,0,0,0.00081,0.00087,0.00087,
org.apache.catalina.valves.SSLValve,5,12,17,0,0,0,0,0,0,0.00081,0.00087,0.00087,
org.apache.catalina.valves.SemaphoreValve,5,14,19,0,0,0,0,0,0,0.00081,0.00087,0.00087,
org.apache.catalina.valves.StuckThreadDetectionValve,8,17,25,0,0,0,0,0,0,0.00081,0.00087,0.00087,
org.apache.catalina.valves.StuckThreadDetectionValve$CompletedStuckThread,3,4,7,0,0,0,0,0,0,0.00081,0.00087,0.00087,
org.apache.catalina.valves.StuckThreadDetectionValve$MonitoredThread,6,10,16,0,0,0,0,0,0,0.00081,0.00087,0.00087,
org.apache.catalina.valves.StuckThreadDetectionValve$MonitoredThreadState,4,4,8,0,0,0,0,0,0,0.00081,0.00087,0.00087,
org.apache.catalina.valves.ValveBase,5,16,21,0,0,0,0,0,0,0.00081,0.00087,0.00087,
org.apache.catalina.valves.rewrite.Resolver,0,7,7,0,0,0,0,0,0,0.00081,0.00087,0.00087,
org.apache.catalina.valves.rewrite.ResolverImpl,1,8,9,0,0,0,0,0,0,0.00081,0.00087,0.00087,
org.apache.catalina.valves.rewrite.RewriteCond,7,15,22,0,0,0,0,0,0,0.00081,0.00087,0.00087,
org.apache.catalina.valves.rewrite.RewriteCond$Condition,0,2,2,0,0,0,0,0,0,0.00081,0.00087,0.00087,
org.apache.catalina.valves.rewrite.RewriteCond$LexicalCondition,2,2,4,0,0,0,0,0,0,0.00081,0.00087,0.00087,
org.apache.catalina.valves.rewrite.RewriteCond$PatternCondition,2,2,4,0,0,0,0,0,0,0.00081,0.00087,0.00087,
org.apache.catalina.valves.rewrite.RewriteCond$ResourceCondition,1,2,3,0,0,0,0,0,0,0.00081,0.00087,0.00087,
org.apache.catalina.valves.rewrite.RewriteMap,0,2,2,0,0,0,0,0,0,0.00081,0.00087,0.00087,
org.apache.catalina.valves.rewrite.RewriteRule,36,70,106,0,0,0,0,0,0,0.00081,0.00087,0.00087,
org.apache.catalina.valves.rewrite.RewriteValve,6,15,21,0,0,0,0,0,0,0.00081,0.00087,0.00087,
org.apache.catalina.valves.rewrite.Substitution,3,8,11,0,0,0,0,0,0,0.00081,0.00087,0.00087,
org.apache.catalina.valves.rewrite.Substitution$MapElement,5,2,7,0,0,0,0,0,0,0.00081,0.00087,0.00087,
org.apache.catalina.valves.rewrite.Substitution$RewriteCondBackReferenceElement,2,2,4,0,0,0,0,0,0,0.00081,0.00087,0.00087,
org.apache.catalina.valves.rewrite.Substitution$RewriteRuleBackReferenceElement,2,2,4,0,0,0,0,0,0,0.00081,0.00087,0.00087,
org.apache.catalina.valves.rewrite.Substitution$ServerVariableElement,2,2,4,0,0,0,0,0,0,0.00081,0.00087,0.00087,
org.apache.catalina.valves.rewrite.Substitution$ServerVariableEnvElement,2,2,4,0,0,0,0,0,0,0.00081,0.00087,0.00087,
org.apache.catalina.valves.rewrite.Substitution$ServerVariableHttpElement,2,2,4,0,0,0,0,0,0,0.00081,0.00087,0.00087,
org.apache.catalina.valves.rewrite.Substitution$ServerVariableSslElement,2,2,4,0,0,0,0,0,0,0.00081,0.00087,0.00087,
org.apache.catalina.valves.rewrite.Substitution$StaticElement,2,2,4,0,0,0,0,0,0,0.00081,0.00087,0.00087,
org.apache.catalina.valves.rewrite.Substitution$SubstitutionElement,1,2,3,0,0,0,0,0,0,0.00081,0.00087,0.00087,
org.apache.catalina.webresources.AbstractArchiveResource$JarInputStreamWrapper,4,11,15,0,0,0,0,0,0,0.00081,0.00087,0.00087,
org.apache.catalina.webresources.AbstractFileResourceSet,5,12,17,0,0,0,0,0,0,0.00081,0.00087,0.00087,
org.apache.catalina.webresources.AbstractResource,5,11,16,0,0,0,0,0,0,0.00081,0.00087,0.00087,
org.apache.catalina.webresources.AbstractSingleArchiveResource,0,2,2,0,0,0,0,0,0,0.00081,0.00087,0.00087,
org.apache.catalina.webresources.AbstractSingleArchiveResourceSet,1,6,7,0,0,0,0,0,0,0.00081,0.00087,0.00087,
org.apache.catalina.webresources.Cache$1,0,0,0,0,0,0,0,0,0,0.00081,0.00087,0.00087,
org.apache.catalina.webresources.Cache$EvictionOrder,0,4,4,0,0,0,0,0,0,0.00081,0.00087,0.00087,
org.apache.catalina.webresources.ClasspathURLStreamHandler,1,3,4,0,0,0,0,0,0,0.00081,0.00087,0.00087,
org.apache.catalina.webresources.DirResourceSet,1,10,11,0,0,0,0,0,0,0.00081,0.00087,0.00087,
org.apache.catalina.webresources.EmptyResource,3,25,28,0,0,0,0,0,0,0.00081,0.00087,0.00087,
org.apache.catalina.webresources.EmptyResourceSet,4,20,24,0,0,0,0,0,0,0.00081,0.00087,0.00087,
org.apache.catalina.webresources.ExtractingRoot,2,6,8,0,0,0,0,0,0,0.00081,0.00087,0.00087,
org.apache.catalina.webresources.FileResource,7,21,28,0,0,0,0,0,0,0.00081,0.00087,0.00087,
org.apache.catalina.webresources.FileResourceSet,0,8,8,0,0,0,0,0,0,0.00081,0.00087,0.00087,
org.apache.catalina.webresources.JarResourceRoot,4,20,24,0,0,0,0,0,0,0.00081,0.00087,0.00087,
org.apache.catalina.webresources.JarWarResourceSet$VersionedJarEntry,2,3,5,0,0,0,0,0,0,0.00081,0.00087,0.00087,
org.apache.catalina.webresources.StandardRoot$1,1,1,2,0,0,0,0,0,0,0.00081,0.00087,0.00087,
org.apache.catalina.webresources.StandardRoot$BaseLocation,2,3,5,0,0,0,0,0,0,0.00081,0.00087,0.00087,
org.apache.catalina.webresources.TomcatJarInputStream,2,4,6,0,0,0,0,0,0,0.00081,0.00087,0.00087,
org.apache.catalina.webresources.TomcatURLStreamHandlerFactory,5,10,15,0,0,0,0,0,0,0.00081,0.00087,0.00087,
org.apache.catalina.webresources.TrackedInputStream,4,13,17,0,0,0,0,0,0,0.00081,0.00087,0.00087,
org.apache.catalina.webresources.VirtualResource,1,4,5,0,0,0,0,0,0,0.00081,0.00087,0.00087,
org.apache.catalina.webresources.WarResource,1,3,4,0,0,0,0,0,0,0.00081,0.00087,0.00087,
org.apache.catalina.webresources.WarResourceSet,0,3,3,0,0,0,0,0,0,0.00081,0.00087,0.00087,
org.apache.catalina.webresources.war.Handler,0,3,3,0,0,0,0,0,0,0.00081,0.00087,0.00087,
org.apache.catalina.webresources.war.WarURLConnection,2,5,7,0,0,0,0,0,0,0.00081,0.00087,0.00087,
org.apache.naming.AbstractRef,1,5,6,0,0,0,0,0,0,0.00081,0.00087,0.00087,
org.apache.naming.ContextAccessController,2,8,10,0,0,0,0,0,0,0.00081,0.00087,0.00087,
org.apache.naming.ContextBindings,6,16,22,0,0,0,0,0,0,0.00081,0.00087,0.00087,
org.apache.naming.EjbRef,5,3,8,0,0,0,0,0,0,0.00081,0.00087,0.00087,
org.apache.naming.HandlerRef,10,3,13,0,0,0,0,0,0,0.00081,0.00087,0.00087,
org.apache.naming.NameParserImpl,0,2,2,0,0,0,0,0,0,0.00081,0.00087,0.00087,
org.apache.naming.NamingContext,7,38,45,0,0,0,0,0,0,0.00081,0.00087,0.00087,
org.apache.naming.NamingContextBindingsEnumeration,2,9,11,0,0,0,0,0,0,0.00081,0.00087,0.00087,
org.apache.naming.NamingContextEnumeration,1,8,9,0,0,0,0,0,0,0.00081,0.00087,0.00087,
org.apache.naming.NamingEntry,7,3,10,0,0,0,0,0,0,0.00081,0.00087,0.00087,
org.apache.naming.ResourceEnvRef,2,2,4,0,0,0,0,0,0,0.00081,0.00087,0.00087,
org.apache.naming.ResourceLinkRef,3,2,5,0,0,0,0,0,0,0.00081,0.00087,0.00087,
org.apache.naming.ResourceRef,6,3,9,0,0,0,0,0,0,0.00081,0.00087,0.00087,
org.apache.naming.SelectorContext,7,35,42,0,0,0,0,0,0,0.00081,0.00087,0.00087,
org.apache.naming.ServiceRef,10,6,16,0,0,0,0,0,0,0.00081,0.00087,0.00087,
org.apache.naming.StringManager,3,6,9,0,0,0,0,0,0,0.00081,0.00087,0.00087,
org.apache.naming.TransactionRef,2,3,5,0,0,0,0,0,0,0.00081,0.00087,0.00087,
org.apache.naming.factory.BeanFactory,0,2,2,0,0,0,0,0,0,0.00081,0.00087,0.00087,
org.apache.naming.factory.Constants,11,1,12,0,0,0,0,0,0,0.00081,0.00087,0.00087,
org.apache.naming.factory.DataSourceLinkFactory,0,4,4,0,0,0,0,0,0,0.00081,0.00087,0.00087,
org.apache.naming.factory.DataSourceLinkFactory$DataSourceHandler,4,3,7,0,0,0,0,0,0,0.00081,0.00087,0.00087,
org.apache.naming.factory.EjbFactory,0,4,4,0,0,0,0,0,0,0.00081,0.00087,0.00087,
org.apache.naming.factory.FactoryBase,0,5,5,0,0,0,0,0,0,0.00081,0.00087,0.00087,
org.apache.naming.factory.MailSessionFactory,1,2,3,0,0,0,0,0,0,0.00081,0.00087,0.00087,
org.apache.naming.factory.MailSessionFactory$1,2,3,5,0,0,0,0,0,0,0.00081,0.00087,0.00087,
org.apache.naming.factory.MailSessionFactory$1$1,2,2,4,0,0,0,0,0,0,0.00081,0.00087,0.00087,
org.apache.naming.factory.OpenEjbFactory,1,2,3,0,0,0,0,0,0,0.00081,0.00087,0.00087,
org.apache.naming.factory.ResourceEnvFactory,0,4,4,0,0,0,0,0,0,0.00081,0.00087,0.00087,
org.apache.naming.factory.ResourceFactory,0,4,4,0,0,0,0,0,0,0.00081,0.00087,0.00087,
org.apache.naming.factory.ResourceLinkFactory,3,9,12,0,0,0,0,0,0,0.00081,0.00087,0.00087,
org.apache.naming.factory.SendMailFactory,1,2,3,0,0,0,0,0,0,0.00081,0.00087,0.00087,
org.apache.naming.factory.SendMailFactory$1,2,3,5,0,0,0,0,0,0,0.00081,0.00087,0.00087,
org.apache.naming.factory.TransactionFactory,0,4,4,0,0,0,0,0,0,0.00081,0.00087,0.00087,
org.apache.naming.java.javaURLContextFactory,2,4,6,0,0,0,0,0,0,0.00081,0.00087,0.00087,
