Classname,NoF,NoM,SIZE,CONN_IN,CONN_OUT,CONN_TOTAL,CONN_IN_W,CONN_OUT_W,CONN_TOTAL_W,PR,PR_U,PR_U2_W,
org.apache.catalina.Context,4,198,202,74,10,84,2829,1758,4587,0.02334,0.01755,0.03755,
org.apache.catalina.connector.Request,54,153,207,48,29,77,4669,3677,8346,0.01861,0.01614,0.05596,
org.apache.catalina.Container,4,35,39,51,8,59,436,33,469,0.03038,0.01281,0.01049,
org.apache.catalina.core.StandardContext,133,312,445,12,38,50,4607,4825,9432,0.00352,0.01026,0.05775,
org.apache.catalina.connector.Response,21,81,102,38,12,50,1729,1272,3001,0.01321,0.01063,0.02107,
org.apache.catalina.LifecycleState,15,6,21,48,0,48,244,0,244,0.01692,0.01072,0.00555,
org.apache.catalina.WebResourceRoot,0,36,36,35,5,40,267,21,288,0.01651,0.00951,0.00838,
org.apache.catalina.connector.Connector,27,68,95,23,9,32,218,47,265,0.00485,0.00689,0.00455,
org.apache.catalina.realm.RealmBase,14,52,66,10,22,32,44,161,205,0.00272,0.00829,0.00583,
org.apache.catalina.Session,4,37,41,29,2,31,387,9,396,0.01733,0.00745,0.00785,
org.apache.catalina.Valve,0,5,5,29,2,31,131,6,137,0.00544,0.00667,0.00272,
org.apache.catalina.Wrapper,2,39,41,29,1,30,307,3,310,0.00902,0.00649,0.0049,
org.apache.catalina.core.ContainerBase,23,55,78,7,23,30,31,235,266,0.001,0.00627,0.00498,
org.apache.catalina.startup.ContextConfig,17,52,69,3,26,29,9,343,352,0.00072,0.00654,0.00416,
org.apache.catalina.authenticator.AuthenticatorBase,19,47,66,9,20,29,39,201,240,0.00183,0.00723,0.00408,
org.apache.catalina.core.NamingContextListener,12,30,42,3,26,29,26,157,183,0.00078,0.00835,0.00547,
org.apache.catalina.Globals,30,2,32,29,0,29,90,0,90,0.01232,0.00666,0.00192,
org.apache.catalina.Manager,0,32,32,25,3,28,145,18,163,0.01458,0.00601,0.0038,
org.apache.catalina.Host,2,23,25,26,1,27,264,3,267,0.0041,0.00588,0.00477,
org.apache.catalina.WebResource,0,23,23,25,1,26,287,3,290,0.00808,0.00658,0.00757,
org.apache.catalina.mbeans.MBeanFactory,4,32,36,1,25,26,5,226,231,0.00068,0.00575,0.00304,
org.apache.catalina.Service,0,17,17,20,6,26,175,30,205,0.00395,0.00516,0.00399,
org.apache.catalina.core.ApplicationContext,17,70,87,3,22,25,3111,3178,6289,0.0012,0.00539,0.03395,
org.apache.catalina.Engine,0,6,6,23,2,25,178,9,187,0.00262,0.00512,0.00338,
org.apache.catalina.valves.ValveBase,5,16,21,18,7,25,57,46,103,0.00225,0.00554,0.00196,
org.apache.catalina.connector.CoyoteAdapter,8,18,26,2,22,24,2294,2530,4824,0.00164,0.00501,0.02981,
org.apache.catalina.startup.FailedContext,7,240,247,2,22,24,243,359,602,0.00266,0.00493,0.00579,
org.apache.catalina.Realm,0,16,16,18,6,24,124,21,145,0.00588,0.00526,0.00303,
org.apache.catalina.LifecycleException,1,4,5,24,0,24,41,0,41,0.00393,0.00592,0.00146,
org.apache.catalina.startup.Tomcat,12,45,57,0,23,23,0,224,224,0.00063,0.005,0.00349,
org.apache.catalina.core.StandardHost,21,48,69,8,15,23,71,72,143,0.00096,0.00483,0.00226,
org.apache.catalina.LifecycleListener,0,1,1,21,1,22,109,3,112,0.01465,0.00556,0.00352,
org.apache.catalina.deploy.NamingResourcesImpl,16,53,69,10,11,21,187,74,261,0.00425,0.00452,0.0048,
org.apache.catalina.core.StandardEngine,5,20,25,2,19,21,18,141,159,0.00068,0.00461,0.00244,
org.apache.catalina.Lifecycle,13,9,22,19,2,21,102,9,111,0.0252,0.00477,0.00312,
org.apache.catalina.Pipeline,0,8,8,19,2,21,91,9,100,0.00564,0.00443,0.00187,
org.apache.catalina.webresources.StandardRoot,16,61,77,4,16,20,30,193,223,0.0011,0.0051,0.00505,
org.apache.catalina.Server,0,23,23,16,4,20,137,21,158,0.00238,0.00399,0.00373,
org.apache.catalina.valves.rewrite.RewriteValve,6,15,21,0,19,19,0,285,285,0.00063,0.00449,0.00325,
org.apache.catalina.authenticator.SingleSignOn,5,18,23,3,16,19,27,136,163,0.00093,0.00396,0.00254,
org.apache.catalina.session.ManagerBase,29,80,109,3,16,19,14,144,158,0.00091,0.00473,0.00369,
org.apache.catalina.manager.ManagerServlet,11,44,55,1,17,18,407,533,940,0.00067,0.0038,0.00747,
org.apache.catalina.startup.HostConfig,14,46,60,3,15,18,9,191,200,0.00076,0.00427,0.00351,
org.apache.catalina.LifecycleEvent,3,4,7,17,1,18,132,10,142,0.01563,0.00459,0.00401,
org.apache.catalina.core.StandardWrapper,37,76,113,5,13,18,52,88,140,0.00115,0.00349,0.00206,
org.apache.catalina.core.ApplicationDispatcher,11,20,31,2,16,18,5,118,123,0.00097,0.00504,0.00269,
org.apache.catalina.session.StandardSession,24,67,91,6,11,17,87,83,170,0.00112,0.00502,0.00466,
org.apache.catalina.mbeans.MBeanUtils,3,27,30,8,9,17,76,57,133,0.00218,0.00464,0.00386,
org.apache.catalina.Role,0,5,5,16,1,17,101,3,104,0.01643,0.00495,0.0046,
org.apache.catalina.manager.HTMLManagerServlet,20,27,47,1,15,16,404,573,977,0.00067,0.0041,0.00834,
org.apache.catalina.mapper.MapperListener,5,18,23,1,15,16,15,192,207,0.00068,0.00356,0.00321,
org.apache.catalina.ssi.SSIMediator,11,23,34,12,4,16,140,46,186,0.00559,0.00668,0.01329,
org.apache.catalina.UserDatabase,0,16,16,13,3,16,88,27,115,0.02311,0.00396,0.00434,
org.apache.catalina.Group,0,11,11,13,3,16,101,12,113,0.01222,0.00421,0.00454,
org.apache.catalina.ssi.SSIProcessor,6,10,16,2,14,16,10,64,74,0.00087,0.00668,0.00397,
org.apache.catalina.core.AsyncContextImpl,13,26,39,3,12,15,25,136,161,0.0013,0.00349,0.00218,
org.apache.catalina.core.StandardService,12,28,40,3,12,15,15,142,157,0.00073,0.00333,0.00281,
org.apache.catalina.User,0,17,17,12,3,15,103,15,118,0.01203,0.00388,0.00459,
org.apache.catalina.startup.Catalina,9,32,41,2,13,15,20,80,100,0.00119,0.00564,0.00365,
org.apache.catalina.Loader,0,11,11,14,1,15,66,6,72,0.00393,0.00318,0.00135,
org.apache.catalina.util.LifecycleMBeanBase,5,15,20,13,2,15,42,6,48,0.00244,0.00342,0.00128,
org.apache.catalina.loader.WebappLoader,10,30,40,3,11,14,428,512,940,0.00093,0.00304,0.00482,
org.apache.catalina.loader.WebappClassLoaderBase,23,74,97,4,10,14,40,104,144,0.00123,0.00395,0.00358,
org.apache.catalina.core.StandardServer,22,43,65,2,12,14,5,101,106,0.00068,0.00319,0.00193,
org.apache.catalina.core.ThreadLocalLeakPreventionListener,3,11,14,0,14,14,0,99,99,0.00063,0.00317,0.00179,
org.apache.catalina.security.SecurityUtil,16,13,29,13,1,14,47,3,50,0.00712,0.00366,0.00127,
org.apache.catalina.users.MemoryUserDatabase,10,25,35,5,8,13,59,68,127,0.00221,0.00335,0.00458,
org.apache.catalina.valves.PersistentValve,2,7,9,0,13,13,0,89,89,0.00063,0.00296,0.00146,
org.apache.catalina.mbeans.ContainerMBean,0,9,9,0,13,13,0,70,70,0.00063,0.00315,0.00173,
org.apache.catalina.session.StoreBase,4,15,19,3,10,13,12,58,70,0.00092,0.00306,0.00159,
org.apache.catalina.webresources.AbstractArchiveResourceSet,6,18,24,7,6,13,51,18,69,0.00285,0.00416,0.0037,
org.apache.catalina.mapper.Mapper,6,48,54,5,7,12,50,75,125,0.00139,0.00278,0.00208,
org.apache.catalina.core.StandardHostValve,5,7,12,2,10,12,9,105,114,0.00078,0.0027,0.00117,
org.apache.catalina.realm.GenericPrincipal,7,14,21,11,1,12,62,3,65,0.00263,0.00349,0.00277,
org.apache.catalina.util.ServerInfo,3,6,9,12,0,12,44,0,44,0.0017,0.00325,0.00123,
org.apache.catalina.valves.AbstractAccessLogValve,17,29,46,2,9,11,106,323,429,0.00093,0.00278,0.00265,
org.apache.catalina.session.PersistentManagerBase,9,33,42,2,9,11,6,131,137,0.00125,0.00285,0.00296,
org.apache.catalina.manager.host.HostManagerServlet,7,16,23,1,10,11,3,100,103,0.00072,0.00251,0.00166,
org.apache.catalina.core.StandardWrapperValve,6,11,17,1,10,11,17,86,103,0.00071,0.00241,0.00126,
org.apache.catalina.CredentialHandler,0,2,2,11,0,11,80,0,80,0.00505,0.0036,0.00359,
org.apache.catalina.core.StandardPipeline,4,19,23,1,10,11,2,76,78,0.00067,0.0025,0.00194,
org.apache.catalina.util.LifecycleBase,5,23,28,6,5,11,18,53,71,0.00259,0.00271,0.00237,
org.apache.catalina.ssi.SSICommand,0,1,1,10,1,11,39,3,42,0.00285,0.00464,0.00279,
org.apache.catalina.connector.RequestFacade,2,79,81,6,4,10,28,197,225,0.00174,0.00271,0.00195,
org.apache.catalina.util.URLEncoder,5,8,13,10,0,10,70,0,70,0.00304,0.00285,0.00206,
org.apache.catalina.realm.UserDatabaseRealm,2,8,10,1,9,10,5,64,69,0.00065,0.00263,0.00225,
org.apache.catalina.session.StandardManager,3,11,14,2,8,10,7,60,67,0.00073,0.00253,0.00141,
org.apache.naming.NamingContext,7,38,45,3,7,10,13,37,50,0.00107,0.00497,0.00411,
org.apache.catalina.ContainerListener,0,1,1,9,1,10,45,3,48,0.00425,0.00233,0.0012,
org.apache.catalina.webresources.DirResourceSet,1,10,11,1,9,10,2,37,39,0.00069,0.00271,0.00133,
org.apache.catalina.webresources.FileResourceSet,0,8,8,1,9,10,2,29,31,0.00069,0.00282,0.00124,
org.apache.catalina.authenticator.FormAuthenticator,3,15,18,0,9,9,0,146,146,0.00063,0.00245,0.00176,
org.apache.catalina.servlets.DefaultServlet,24,51,75,1,8,9,6,98,104,0.0007,0.00254,0.00254,
org.apache.catalina.core.ApplicationFilterConfig,9,16,25,3,6,9,28,44,72,0.00111,0.00199,0.00118,
org.apache.catalina.mapper.MappingData,12,2,14,6,3,9,52,9,61,0.002,0.00215,0.00108,
org.apache.catalina.AccessLog,4,3,7,7,2,9,51,6,57,0.00438,0.00214,0.00132,
org.apache.catalina.util.ToStringUtil,0,5,5,6,3,9,18,14,32,0.00127,0.00217,0.00107,
org.apache.catalina.authenticator.SingleSignOnListener,2,2,4,1,8,9,2,30,32,0.00068,0.00208,0.00081,
org.apache.catalina.Authenticator,0,3,3,8,1,9,27,3,30,0.00358,0.00193,0.00062,
org.apache.catalina.servlets.WebdavServlet,24,35,59,0,8,8,0,103,103,0.00063,0.00363,0.00409,
org.apache.catalina.util.ContextName,7,8,15,8,0,8,99,0,99,0.00119,0.00195,0.00168,
org.apache.catalina.startup.UserConfig,10,23,33,3,5,8,28,49,77,0.00233,0.00248,0.00262,
org.apache.catalina.core.ApplicationFilterChain,11,13,24,4,4,8,36,24,60,0.00139,0.00185,0.00116,
org.apache.catalina.mbeans.GlobalResourcesLifecycleListener,3,7,10,0,8,8,0,59,59,0.00063,0.00224,0.00179,
org.apache.naming.ContextBindings,6,16,22,6,2,8,42,13,55,0.00158,0.00285,0.00277,
org.apache.catalina.core.ApplicationFilterFactory,0,6,6,2,6,8,6,48,54,0.00074,0.00201,0.0009,
org.apache.catalina.core.ApplicationPushBuilder,16,19,35,1,7,8,2,46,48,0.00118,0.00179,0.00065,
org.apache.catalina.core.DefaultInstanceManager,15,27,42,3,5,8,7,36,43,0.00096,0.00198,0.00084,
org.apache.catalina.realm.MemoryRealm,4,10,14,3,5,8,12,24,36,0.00209,0.00265,0.00197,
org.apache.catalina.webresources.JarWarResourceSet,1,7,8,1,7,8,2,31,33,0.00069,0.00256,0.00149,
org.apache.catalina.valves.RequestFilterValve,9,20,29,2,6,8,6,27,33,0.0009,0.00201,0.0007,
org.apache.catalina.ssi.SSIServletExternalResolver,7,21,28,2,6,8,4,24,28,0.00087,0.00338,0.00192,
org.apache.catalina.webresources.EmptyResource,3,25,28,6,2,8,14,13,27,0.0017,0.00233,0.00123,
org.apache.catalina.filters.FilterBase,1,5,6,8,0,8,24,0,24,0.00603,0.00913,0.00962,
org.apache.catalina.connector.OutputBuffer,13,51,64,3,4,7,75,15,90,0.00423,0.00216,0.00188,
org.apache.catalina.valves.rewrite.ResolverImpl,1,8,9,1,6,7,2,74,76,0.00066,0.00188,0.0009,
org.apache.catalina.core.ApplicationServletRegistration,3,16,19,3,4,7,11,64,75,0.00083,0.00178,0.0012,
org.apache.catalina.WebResourceSet,0,14,14,4,3,7,64,9,73,0.00388,0.00169,0.0021,
org.apache.catalina.core.ApplicationHttpRequest,17,41,58,1,6,7,24,44,68,0.00068,0.00208,0.00148,
org.apache.catalina.util.ExtensionValidator,4,8,12,2,5,7,6,51,57,0.00076,0.00232,0.00177,
org.apache.catalina.Executor,0,2,2,6,1,7,50,3,53,0.00223,0.00198,0.00155,
org.apache.catalina.ContainerEvent,3,5,8,6,1,7,42,10,52,0.00442,0.00174,0.00135,
org.apache.catalina.util.Introspection,1,9,10,4,3,7,40,10,50,0.00126,0.00175,0.00121,
org.apache.catalina.valves.JDBCAccessLogValve,23,31,54,0,7,7,0,45,45,0.00063,0.00172,0.00079,
org.apache.catalina.session.JDBCStore,24,45,69,0,7,7,0,44,44,0.00063,0.0018,0.00094,
org.apache.catalina.core.StandardContextValve,1,3,4,1,6,7,3,38,41,0.00071,0.00167,0.00065,
org.apache.catalina.JmxEnabled,0,3,3,7,0,7,39,0,39,0.00223,0.0017,0.00118,
org.apache.catalina.core.StandardEngineValve,1,3,4,1,6,7,3,32,35,0.00066,0.00167,0.00063,
org.apache.catalina.util.SessionConfig,2,4,6,6,1,7,22,8,30,0.00223,0.0018,0.00067,
org.apache.catalina.Contained,0,2,2,6,1,7,24,6,30,0.00628,0.00171,0.00127,
org.apache.catalina.webresources.AbstractResource,5,11,16,3,4,7,9,20,29,0.00171,0.00247,0.00139,
org.apache.catalina.SessionListener,0,1,1,6,1,7,24,3,27,0.00854,0.00203,0.00111,
org.apache.catalina.webresources.ExtractingRoot,2,6,8,0,7,7,0,24,24,0.00063,0.00208,0.00098,
org.apache.catalina.webresources.EmptyResourceSet,4,20,24,1,6,7,2,21,23,0.00069,0.00191,0.00076,
org.apache.catalina.mbeans.BaseCatalinaMBean,0,3,3,7,0,7,21,0,21,0.00345,0.004,0.00302,
org.apache.naming.AbstractRef,1,5,6,7,0,7,21,0,21,0.00687,0.00346,0.00479,
org.apache.catalina.valves.ExtendedAccessLogValve,2,11,13,0,6,6,0,348,348,0.00063,0.00163,0.00173,
org.apache.catalina.connector.ResponseFacade,2,46,48,3,3,6,16,114,130,0.00169,0.00145,0.00116,
org.apache.catalina.webresources.CachedResource,17,30,47,1,5,6,30,88,118,0.00081,0.00154,0.00272,
org.apache.catalina.webresources.Cache,13,20,33,2,4,6,38,47,85,0.00083,0.00125,0.00166,
org.apache.catalina.Store,0,10,10,4,2,6,54,12,66,0.00109,0.00167,0.00163,
org.apache.catalina.realm.CombinedRealm,2,18,20,1,5,6,3,55,58,0.0009,0.0017,0.00144,
org.apache.catalina.startup.WebAnnotationSet,2,13,15,1,5,6,3,50,53,0.00066,0.00152,0.00092,
org.apache.catalina.authenticator.SingleSignOnSessionKey,4,7,11,2,4,6,25,19,44,0.00083,0.0016,0.00103,
org.apache.catalina.valves.LoadBalancerDrainingValve,4,7,11,0,6,6,0,42,42,0.00063,0.00153,0.00058,
org.apache.catalina.core.ApplicationSessionCookieConfig,9,17,26,2,4,6,5,36,41,0.00122,0.00154,0.00067,
org.apache.catalina.Cluster,0,6,6,4,2,6,32,9,41,0.00408,0.00149,0.00111,
org.apache.catalina.session.FileStore,5,13,18,0,6,6,0,35,35,0.00063,0.00161,0.00077,
org.apache.catalina.realm.DataSourceRealm,10,29,39,1,5,6,15,19,34,0.00065,0.00179,0.00096,
org.apache.catalina.startup.Bootstrap,9,23,32,3,3,6,15,18,33,0.00531,0.0031,0.00467,
org.apache.catalina.util.SessionIdGeneratorBase,8,19,27,3,3,6,24,9,33,0.0014,0.00175,0.00112,
org.apache.catalina.ssi.SSIConditional,0,4,4,1,5,6,6,20,26,0.00068,0.00285,0.00187,
org.apache.catalina.webresources.AbstractResourceSet,8,20,28,2,4,6,6,19,25,0.00136,0.00175,0.00115,
org.apache.catalina.manager.host.HTMLHostManagerServlet,9,10,19,0,6,6,0,23,23,0.00063,0.00171,0.00087,
org.apache.catalina.webresources.AbstractSingleArchiveResourceSet,1,6,7,2,4,6,6,13,19,0.00092,0.00179,0.00088,
org.apache.catalina.startup.ContextRuleSet,2,4,6,2,4,6,5,12,17,0.00073,0.00262,0.0015,
org.apache.catalina.valves.rewrite.RewriteRule,36,70,106,1,4,5,135,60,195,0.00066,0.00174,0.00256,
org.apache.catalina.connector.InputBuffer,16,33,49,4,1,5,107,3,110,0.00358,0.0017,0.00279,
org.apache.catalina.valves.rewrite.Substitution,3,8,11,2,3,5,43,66,109,0.001,0.00178,0.003,
org.apache.catalina.valves.rewrite.RewriteCond,7,15,22,2,3,5,53,35,88,0.0008,0.00174,0.00179,
org.apache.catalina.valves.rewrite.Resolver,0,7,7,5,0,5,78,0,78,0.0014,0.00167,0.00242,
org.apache.catalina.mbeans.MemoryUserDatabaseMBean,5,13,18,0,5,5,0,76,76,0.00063,0.00161,0.00234,
org.apache.catalina.valves.ErrorReportValve,2,8,10,0,5,5,0,57,57,0.00063,0.00135,0.00068,
org.apache.catalina.authenticator.SingleSignOnEntry,7,12,19,1,4,5,27,22,49,0.00068,0.00123,0.001,
org.apache.naming.StringManager,3,6,9,5,0,5,46,0,46,0.00235,0.00234,0.00349,
org.apache.catalina.mbeans.UserMBean,2,7,9,0,5,5,0,44,44,0.00063,0.00161,0.00158,
org.apache.catalina.webresources.AbstractArchiveResource,7,24,31,2,3,5,16,25,41,0.00149,0.00183,0.00201,
org.apache.catalina.mbeans.GroupMBean,2,5,7,0,5,5,0,38,38,0.00063,0.00161,0.00141,
org.apache.catalina.ssi.SSIExternalResolver,0,8,8,5,0,5,35,0,35,0.00224,0.00223,0.00318,
org.apache.catalina.startup.ExpandWar,2,10,12,4,1,5,23,6,29,0.00081,0.00137,0.00078,
org.apache.catalina.users.MemoryUserCreationFactory,1,2,3,1,4,5,3,24,27,0.00087,0.00144,0.00093,
org.apache.catalina.realm.JAASRealm,10,23,33,1,4,5,13,14,27,0.00086,0.00132,0.00106,
org.apache.catalina.ssi.SSIExec,2,2,4,1,4,5,3,23,26,0.00068,0.00222,0.0016,
org.apache.catalina.valves.SSLValve,5,12,17,0,5,5,0,23,23,0.00063,0.00133,0.0005,
org.apache.catalina.ssi.SSIFilter,7,3,10,0,5,5,0,22,22,0.00063,0.00239,0.00163,
org.apache.catalina.StoreManager,0,2,2,2,3,5,11,9,20,0.00079,0.00153,0.00067,
org.apache.catalina.startup.LifecycleListenerRule,2,2,4,3,2,5,9,10,19,0.00129,0.00196,0.00142,
org.apache.catalina.realm.JAASMemoryLoginModule,8,9,17,0,5,5,0,18,18,0.00063,0.00192,0.00101,
org.apache.naming.ResourceRef,6,3,9,4,1,5,14,3,17,0.00159,0.00273,0.00241,
org.apache.catalina.webresources.WarResourceSet,0,3,3,1,4,5,5,12,17,0.00069,0.00163,0.00072,
org.apache.catalina.valves.SemaphoreValve,5,14,19,0,5,5,0,17,17,0.00063,0.00131,0.00049,
org.apache.catalina.webresources.FileResource,7,21,28,2,3,5,4,12,16,0.00076,0.00156,0.00073,
org.apache.catalina.connector.ClientAbortException,1,4,5,5,0,5,16,0,16,0.0018,0.00148,0.00058,
org.apache.catalina.webresources.JarResourceSet,0,3,3,1,4,5,2,12,14,0.00069,0.00163,0.00066,
org.apache.catalina.loader.WebappClassLoader,0,5,5,1,3,4,420,424,844,0.0007,0.001,0.00394,
org.apache.catalina.core.ApplicationContextFacade,3,66,69,1,3,4,2,143,145,0.00068,0.00097,0.00088,
org.apache.catalina.valves.RemoteIpValve,13,28,41,0,4,4,0,46,46,0.00063,0.00112,0.00057,
org.apache.catalina.authenticator.DigestAuthenticator,11,22,33,0,4,4,0,43,43,0.00063,0.00115,0.00062,
org.apache.catalina.mbeans.ServiceMBean,0,6,6,0,4,4,0,34,34,0.00063,0.00148,0.00118,
org.apache.naming.SelectorContext,7,35,42,1,3,4,2,29,31,0.00081,0.00189,0.0018,
org.apache.catalina.ssi.SSIInclude,0,2,2,2,2,4,10,19,29,0.00083,0.0018,0.00181,
org.apache.catalina.core.AccessLogAdapter,1,5,6,1,3,4,5,23,28,0.00067,0.00112,0.00074,
org.apache.catalina.ssi.SSIFlastmod,0,3,3,1,3,4,3,24,27,0.00068,0.00189,0.00184,
org.apache.catalina.core.ApplicationMapping,2,3,5,2,2,4,14,13,27,0.00122,0.00114,0.00062,
org.apache.naming.factory.ResourceLinkFactory,3,9,12,2,2,4,15,11,26,0.00119,0.0021,0.00185,
org.apache.catalina.valves.rewrite.RewriteMap,0,2,2,4,0,4,26,0,26,0.00131,0.00145,0.00089,
org.apache.catalina.util.ParameterMap,5,20,25,4,0,4,24,0,24,0.00174,0.00131,0.00068,
org.apache.catalina.realm.JDBCRealm,13,32,45,1,3,4,11,13,24,0.00065,0.00128,0.0008,
org.apache.catalina.SessionEvent,4,5,9,3,1,4,14,10,24,0.00805,0.00128,0.00101,
org.apache.catalina.TomcatPrincipal,0,3,3,4,0,4,24,0,24,0.00358,0.00126,0.00092,
org.apache.catalina.valves.CrawlerSessionManagerValve,8,12,20,0,4,4,0,24,24,0.00063,0.00112,0.00049,
org.apache.catalina.realm.JAASCallbackHandler,11,4,15,1,3,4,3,21,24,0.00081,0.0011,0.00092,
org.apache.catalina.webresources.AbstractSingleArchiveResource,0,2,2,2,2,4,6,16,22,0.00129,0.00164,0.00127,
org.apache.catalina.startup.UserDatabase,0,4,4,3,1,4,16,6,22,0.00148,0.00153,0.00105,
org.apache.catalina.startup.ConnectorCreateRule,2,6,8,1,3,4,3,18,21,0.00071,0.00133,0.00075,
org.apache.catalina.ssi.SSISet,0,2,2,1,3,4,3,17,20,0.00068,0.00191,0.00149,
org.apache.catalina.users.MemoryGroupCreationFactory,1,2,3,1,3,4,3,17,20,0.00087,0.00119,0.00079,
org.apache.catalina.users.MemoryRole,1,3,4,1,3,4,5,13,18,0.00087,0.00128,0.00081,
org.apache.catalina.valves.RemoteAddrValve,1,4,5,0,4,4,0,18,18,0.00063,0.00117,0.00045,
org.apache.catalina.valves.RemoteHostValve,1,4,5,0,4,4,0,18,18,0.00063,0.00117,0.00045,
org.apache.catalina.ContainerServlet,0,2,2,3,1,4,12,6,18,0.0008,0.00112,0.0006,
org.apache.catalina.valves.StuckThreadDetectionValve,8,17,25,0,4,4,0,18,18,0.00063,0.00112,0.00046,
org.apache.catalina.manager.DummyProxySession,1,38,39,1,3,4,3,14,17,0.00067,0.00124,0.00068,
org.apache.catalina.authenticator.NonLoginAuthenticator,0,3,3,1,3,4,3,14,17,0.00065,0.00116,0.00047,
org.apache.catalina.startup.SetNextNamingRule,2,3,5,2,2,4,6,10,16,0.0011,0.00146,0.00097,
org.apache.catalina.realm.DigestCredentialHandlerBase,7,18,25,3,1,4,12,3,15,0.00199,0.00185,0.00126,
org.apache.catalina.users.AbstractGroup,2,13,15,0,4,4,0,15,15,0.00063,0.00138,0.00078,
org.apache.catalina.core.StandardThreadExecutor,12,38,50,1,3,4,6,9,15,0.00067,0.00117,0.00059,
org.apache.naming.factory.FactoryBase,0,5,5,4,0,4,12,0,12,0.00171,0.00273,0.00215,
org.apache.catalina.startup.RealmRuleSet,2,5,7,3,1,4,9,3,12,0.00129,0.00226,0.00233,
org.apache.catalina.util.IOTools,1,4,5,4,0,4,12,0,12,0.00144,0.00199,0.00131,
org.apache.catalina.startup.HostRuleSet,1,3,4,1,3,4,3,9,12,0.00071,0.00191,0.00096,
org.apache.catalina.webresources.AbstractFileResourceSet,5,12,17,2,2,4,6,6,12,0.00076,0.00129,0.00064,
org.apache.catalina.valves.AccessLogValve,15,30,45,1,3,4,3,9,12,0.00072,0.00117,0.00045,
org.apache.naming.EjbRef,5,3,8,3,1,4,8,3,11,0.00146,0.00236,0.00199,
org.apache.catalina.ssi.SSIServlet,8,6,14,0,4,4,0,11,11,0.00063,0.00192,0.00082,
org.apache.catalina.startup.NamingRuleSet,1,3,4,2,2,4,5,6,11,0.00073,0.00164,0.00085,
org.apache.catalina.realm.JNDIRealm,48,111,159,1,3,4,3,8,11,0.00065,0.00128,0.00057,
org.apache.catalina.webresources.TomcatURLStreamHandlerFactory,5,10,15,2,2,4,6,4,10,0.00079,0.00228,0.00189,
org.apache.catalina.connector.CoyoteInputStream,2,14,16,1,2,3,7,73,80,0.00118,0.00106,0.00197,
org.apache.catalina.manager.util.SessionUtils,5,8,13,2,1,3,20,14,34,0.00095,0.00111,0.00098,
org.apache.naming.NamingEntry,7,3,10,3,0,3,32,0,32,0.00205,0.00188,0.00359,
org.apache.catalina.ssi.ExpressionParseTree,7,6,13,1,2,3,5,27,32,0.00075,0.00185,0.00245,
org.apache.catalina.SessionIdGenerator,0,6,6,3,0,3,31,0,31,0.00521,0.00101,0.00119,
org.apache.catalina.ThreadBindingListener,0,2,2,3,0,3,30,0,30,0.0028,0.00091,0.0006,
org.apache.catalina.manager.JspHelper,3,14,17,1,2,3,6,19,25,0.00067,0.00111,0.00072,
org.apache.naming.ServiceRef,10,6,16,1,2,3,8,16,24,0.00066,0.00143,0.00222,
org.apache.catalina.ssi.SSIFsize,2,5,7,1,2,3,3,21,24,0.00068,0.00142,0.00152,
org.apache.catalina.mapper.WrapperMappingInfo,4,5,9,2,1,3,13,10,23,0.00084,0.00092,0.0007,
org.apache.catalina.ssi.SSIConfig,0,2,2,1,2,3,3,19,22,0.00068,0.00142,0.00142,
org.apache.catalina.TrackedWebResource,0,2,2,3,0,3,22,0,22,0.00392,0.00113,0.00096,
org.apache.catalina.core.ApplicationFilterRegistration,3,13,16,1,2,3,6,16,22,0.00068,0.00102,0.00051,
org.apache.catalina.startup.PasswdUserDatabase,5,7,12,0,3,3,0,21,21,0.00063,0.00148,0.00111,
org.apache.naming.HandlerRef,10,3,13,2,1,3,18,3,21,0.00094,0.00143,0.0023,
org.apache.catalina.util.ResourceSet,3,10,13,3,0,3,21,0,21,0.00117,0.00109,0.00133,
org.apache.catalina.startup.ClassLoaderFactory,1,7,8,2,1,3,15,5,20,0.00267,0.00205,0.00315,
org.apache.catalina.startup.EngineConfig,3,5,8,0,3,3,0,19,19,0.00063,0.00096,0.00072,
org.apache.catalina.authenticator.SpnegoAuthenticator,6,13,19,0,3,3,0,19,19,0.00063,0.00096,0.00056,
org.apache.catalina.webresources.JarWarResource,2,4,6,1,2,3,2,16,18,0.00072,0.00121,0.00094,
org.apache.catalina.ssi.SSIEcho,2,3,5,1,2,3,3,13,16,0.00068,0.00142,0.00112,
org.apache.catalina.ssi.SSIPrintenv,0,2,2,1,2,3,3,13,16,0.00068,0.00142,0.00112,
org.apache.catalina.webresources.TrackedInputStream,4,13,17,1,2,3,2,14,16,0.00099,0.00119,0.00078,
org.apache.catalina.startup.VersionLoggerListener,5,10,15,0,3,3,0,16,16,0.00063,0.00101,0.00074,
org.apache.catalina.core.AprLifecycleListener,21,18,39,1,2,3,7,9,16,0.00109,0.00099,0.00073,
org.apache.catalina.ssi.SSIConditionalState,3,1,4,3,0,3,15,0,15,0.00199,0.00146,0.00156,
org.apache.naming.ContextAccessController,2,8,10,3,0,3,15,0,15,0.00146,0.00133,0.00107,
org.apache.catalina.realm.MessageDigestCredentialHandler,4,10,14,2,1,3,12,3,15,0.00084,0.00129,0.00086,
org.apache.catalina.users.AbstractUser,3,18,21,0,3,3,0,15,15,0.00063,0.00112,0.00086,
org.apache.catalina.DistributedManager,0,2,2,3,0,3,15,0,15,0.00094,0.00104,0.00062,
org.apache.catalina.users.MemoryRoleCreationFactory,1,2,3,1,2,3,3,10,13,0.00087,0.00093,0.00064,
org.apache.catalina.authenticator.BasicAuthenticator,3,6,9,0,3,3,0,12,12,0.00063,0.00096,0.00042,
org.apache.catalina.core.StandardWrapperFacade,2,5,7,1,2,3,5,7,12,0.00071,0.00075,0.00047,
org.apache.catalina.authenticator.SSLAuthenticator,0,3,3,0,3,3,0,10,10,0.00063,0.00096,0.00042,
org.apache.catalina.filters.RequestFilter,4,12,16,2,1,3,6,3,9,0.00171,0.0037,0.00277,
org.apache.catalina.startup.CatalinaProperties,2,5,7,2,1,3,6,3,9,0.00274,0.00159,0.00132,
org.apache.catalina.startup.EngineRuleSet,1,3,4,1,2,3,3,6,9,0.00071,0.00151,0.00088,
org.apache.naming.java.javaURLContextFactory,2,4,6,0,3,3,0,9,9,0.00063,0.00148,0.00063,
org.apache.catalina.realm.MemoryRuleSet,1,3,4,2,1,3,6,3,9,0.00109,0.0014,0.00078,
org.apache.catalina.manager.Constants,11,2,13,3,0,3,9,0,9,0.00152,0.00133,0.0008,
org.apache.catalina.webresources.JarResource,1,3,4,1,2,3,2,7,9,0.00078,0.00125,0.00065,
org.apache.catalina.webresources.WarResource,1,3,4,1,2,3,2,7,9,0.00078,0.00125,0.00065,
org.apache.catalina.users.AbstractRole,2,7,9,1,2,3,3,6,9,0.00088,0.00123,0.00063,
org.apache.catalina.util.RequestUtil,0,2,2,3,0,3,9,0,9,0.00154,0.00121,0.0006,
org.apache.catalina.webresources.JarResourceRoot,4,20,24,1,2,3,2,7,9,0.00104,0.00114,0.00065,
org.apache.catalina.webresources.VirtualResource,1,4,5,1,2,3,2,7,9,0.0007,0.00106,0.00057,
org.apache.naming.ResourceEnvRef,2,2,4,2,1,3,5,3,8,0.00093,0.00161,0.00143,
org.apache.naming.TransactionRef,2,3,5,2,1,3,5,3,8,0.00093,0.00161,0.00143,
org.apache.naming.ResourceLinkRef,3,2,5,2,1,3,5,3,8,0.00116,0.00147,0.00125,
org.apache.catalina.util.StandardSessionIdGenerator,0,2,2,2,1,3,4,3,7,0.00076,0.00102,0.00047,
org.apache.catalina.manager.util.BaseSessionComparator,0,4,4,1,1,2,30,10,40,0.00067,0.00079,0.0008,
org.apache.catalina.util.ManifestResource,7,11,18,1,1,2,15,23,38,0.00076,0.0011,0.00183,
org.apache.catalina.util.Extension,8,20,28,2,0,2,36,0,36,0.00141,0.0011,0.00191,
org.apache.catalina.connector.CoyoteOutputStream,2,14,16,1,1,2,7,25,32,0.00157,0.00081,0.00079,
org.apache.catalina.mbeans.NamingResourcesMBean,2,10,12,0,2,2,0,31,31,0.00063,0.00079,0.00077,
org.apache.catalina.connector.CoyoteReader,4,14,18,1,1,2,7,23,30,0.00118,0.00084,0.00088,
org.apache.catalina.manager.StatusTransformer,0,20,20,1,1,2,23,3,26,0.0009,0.00119,0.00179,
org.apache.catalina.manager.StatusManagerServlet,7,6,13,0,2,2,0,26,26,0.00063,0.00109,0.00161,
org.apache.catalina.connector.CoyoteWriter,3,32,35,1,1,2,9,17,26,0.00157,0.00081,0.00068,
org.apache.catalina.mbeans.ContextMBean,0,9,9,0,2,2,0,23,23,0.00063,0.00103,0.00082,
org.apache.catalina.startup.WebappServiceLoader,5,4,9,1,1,2,5,13,18,0.00066,0.00073,0.00046,
org.apache.catalina.realm.X509UsernameRetriever,0,1,1,2,0,2,17,0,17,0.00136,0.00099,0.00107,
org.apache.catalina.util.Strftime,2,8,10,2,0,2,16,0,16,0.00201,0.00111,0.00174,
org.apache.catalina.AsyncDispatcher,0,1,1,2,0,2,16,0,16,0.00078,0.00082,0.00057,
org.apache.catalina.startup.HomesUserDatabase,2,6,8,0,2,2,0,15,15,0.00063,0.00109,0.00063,
org.apache.catalina.ssi.ResponseIncludeWrapper,11,12,23,2,0,2,14,0,14,0.00086,0.00112,0.00123,
org.apache.catalina.filters.RestCsrfPreventionFilter$1,1,1,2,1,1,2,4,9,13,0.0009,0.00264,0.00394,
org.apache.naming.NamingContextBindingsEnumeration,2,9,11,1,1,2,2,10,12,0.00076,0.00131,0.00147,
org.apache.naming.NamingContextEnumeration,1,8,9,1,1,2,2,10,12,0.00076,0.00131,0.00147,
org.apache.catalina.security.SecurityConfig,6,6,12,1,1,2,8,3,11,0.00071,0.00137,0.00085,
org.apache.catalina.ssi.ByteArrayServletOutputStream,1,5,6,2,0,2,10,0,10,0.00086,0.00112,0.00098,
org.apache.catalina.util.ConcurrentDateFormat,7,5,12,2,0,2,10,0,10,0.00106,0.00104,0.00074,
org.apache.catalina.realm.MemoryUserRule,0,2,2,1,1,2,3,6,9,0.00156,0.00103,0.00092,
org.apache.catalina.filters.RemoteIpFilter,24,29,53,0,2,2,0,9,9,0.00063,0.00095,0.00054,
org.apache.catalina.startup.CopyParentClassLoaderRule,0,2,2,1,1,2,3,6,9,0.00083,0.00094,0.00071,
org.apache.catalina.startup.SetParentClassLoaderRule,1,2,3,1,1,2,3,6,9,0.00071,0.00088,0.00057,
org.apache.catalina.core.JreMemoryLeakPreventionListener,12,21,33,0,2,2,0,9,9,0.00063,0.00078,0.00055,
org.apache.catalina.security.SecurityListener,6,10,16,0,2,2,0,9,9,0.00063,0.00078,0.00055,
org.apache.catalina.authenticator.jaspic.CallbackHandlerImpl,3,5,8,1,1,2,3,5,8,0.00071,0.00081,0.00054,
org.apache.catalina.filters.RestCsrfPreventionFilter$StateChangingRequest,1,6,7,0,2,2,0,7,7,0.00063,0.00244,0.00198,
org.apache.catalina.mbeans.ConnectorMBean,0,3,3,0,2,2,0,7,7,0.00063,0.00112,0.0006,
org.apache.catalina.filters.CsrfPreventionFilterBase,4,10,14,1,1,2,3,3,6,0.00117,0.00253,0.00204,
org.apache.naming.factory.EjbFactory,0,4,4,0,2,2,0,6,6,0.00063,0.00143,0.00109,
org.apache.naming.factory.ResourceFactory,0,4,4,0,2,2,0,6,6,0.00063,0.0014,0.00103,
org.apache.naming.factory.ResourceEnvFactory,0,4,4,0,2,2,0,6,6,0.00063,0.00139,0.00105,
org.apache.naming.factory.TransactionFactory,0,4,4,0,2,2,0,6,6,0.00063,0.00139,0.00105,
org.apache.catalina.mbeans.ClassNameMBean,0,2,2,1,1,2,3,3,6,0.0009,0.00131,0.00094,
org.apache.catalina.ssi.SSIServletRequestUtil,0,2,2,2,0,2,6,0,6,0.00089,0.00112,0.00073,
org.apache.catalina.startup.SetAllPropertiesRule,1,3,4,2,0,2,6,0,6,0.00102,0.00104,0.00073,
org.apache.catalina.realm.LockOutRealm,6,21,27,0,2,2,0,6,6,0.00063,0.00081,0.0004,
org.apache.catalina.util.TLSUtil,0,2,2,2,0,2,6,0,6,0.00126,0.00077,0.00039,
org.apache.catalina.authenticator.Constants,16,2,18,2,0,2,6,0,6,0.00076,0.00076,0.00044,
org.apache.catalina.realm.X509SubjectDnRetriever,0,2,2,1,1,2,2,3,5,0.00074,0.00099,0.00052,
org.apache.catalina.util.CustomObjectInputStream,8,5,13,2,0,2,5,0,5,0.00079,0.00078,0.00045,
org.apache.catalina.realm.NullRealm,0,3,3,1,1,2,2,3,5,0.00066,0.00076,0.00041,
org.apache.catalina.authenticator.jaspic.SimpleServerAuthConfig,7,9,16,1,1,2,2,2,4,0.00117,0.00341,0.00341,
org.apache.catalina.webresources.war.Handler,0,3,3,1,1,2,2,2,4,0.00097,0.00178,0.00228,
org.apache.catalina.ssi.SSIStopProcessingException,1,1,2,2,0,2,4,0,4,0.00094,0.00116,0.00063,
org.apache.catalina.loader.ParallelWebappClassLoader,1,5,6,0,2,2,0,4,4,0.00063,0.0008,0.00038,
org.apache.catalina.authenticator.jaspic.PersistentProviderRegistrations,2,5,7,1,0,1,44,0,44,0.00117,0.00234,0.00234,
org.apache.catalina.authenticator.jaspic.AuthConfigFactoryImpl,11,20,31,0,1,1,0,44,44,0.00063,0.00234,0.00234,
org.apache.catalina.authenticator.SavedRequest,9,20,29,1,0,1,44,0,44,0.00069,0.00058,0.0008,
org.apache.catalina.util.XMLWriter,5,10,15,1,0,1,37,0,37,0.0007,0.00074,0.0016,
org.apache.catalina.core.AsyncListenerWrapper,3,10,13,1,0,1,23,0,23,0.00072,0.00056,0.00064,
org.apache.catalina.realm.NestedCredentialHandler,1,5,6,0,1,1,0,20,20,0.00063,0.00063,0.0012,
org.apache.catalina.util.CharsetMapper,2,4,6,1,0,1,19,0,19,0.00071,0.00054,0.00048,
org.apache.catalina.users.MemoryUserDatabaseFactory,0,2,2,0,1,1,0,13,13,0.00063,0.00067,0.0006,
org.apache.catalina.webresources.TomcatJarInputStream,2,4,6,1,0,1,13,0,13,0.00072,0.00062,0.00086,
org.apache.catalina.session.StandardSessionFacade,1,18,19,1,0,1,13,0,13,0.00072,0.0006,0.00076,
org.apache.catalina.loader.ResourceEntry,2,1,3,1,0,1,12,0,12,0.00074,0.00059,0.00065,
org.apache.catalina.ssi.ExpressionTokenizer,17,6,23,1,0,1,11,0,11,0.00095,0.00088,0.00114,
org.apache.catalina.core.ApplicationPart,2,12,14,1,0,1,11,0,11,0.00118,0.00055,0.00044,
org.apache.catalina.filters.RestCsrfPreventionFilter$MethodType,3,4,7,1,0,1,9,0,9,0.0014,0.00147,0.00309,
org.apache.naming.factory.DataSourceLinkFactory,0,4,4,0,1,1,0,6,6,0.00063,0.0008,0.00061,
org.apache.catalina.mbeans.MBeanDumper,2,7,9,1,0,1,5,0,5,0.00117,0.00234,0.00234,
org.apache.catalina.manager.JMXProxyServlet,4,13,17,0,1,1,0,5,5,0.00063,0.00234,0.00234,
org.apache.catalina.util.DOMWriter,1,4,5,1,0,1,5,0,5,0.0007,0.00074,0.00052,
org.apache.catalina.core.ApplicationHttpResponse,1,21,22,1,0,1,5,0,5,0.00068,0.0006,0.00045,
org.apache.catalina.core.ApplicationRequest,2,8,10,1,0,1,5,0,5,0.00068,0.0006,0.00045,
org.apache.catalina.core.ApplicationResponse,1,9,10,1,0,1,5,0,5,0.00068,0.0006,0.00045,
org.apache.catalina.filters.CsrfPreventionFilter,2,4,6,0,1,1,0,3,3,0.00063,0.00143,0.00078,
org.apache.catalina.filters.RemoteAddrFilter,1,4,5,0,1,1,0,3,3,0.00063,0.0014,0.00082,
org.apache.catalina.filters.RemoteHostFilter,1,4,5,0,1,1,0,3,3,0.00063,0.0014,0.00082,
org.apache.catalina.filters.AddDefaultCharsetFilter,3,6,9,0,1,1,0,3,3,0.00063,0.00132,0.00137,
org.apache.catalina.filters.ExpiresFilter,11,26,37,0,1,1,0,3,3,0.00063,0.00132,0.00137,
org.apache.catalina.filters.FailedRequestFilter,1,6,7,0,1,1,0,3,3,0.00063,0.00132,0.00137,
org.apache.catalina.filters.HttpHeaderSecurityFilter,18,24,42,0,1,1,0,3,3,0.00063,0.00132,0.00137,
org.apache.catalina.filters.SetCharacterEncodingFilter,3,9,12,0,1,1,0,3,3,0.00063,0.00132,0.00137,
org.apache.catalina.startup.Tool,6,4,10,0,1,1,0,3,3,0.00063,0.00122,0.00057,
org.apache.catalina.security.SecurityClassLoad,0,13,13,1,0,1,3,0,3,0.00214,0.00101,0.00085,
org.apache.naming.factory.OpenEjbFactory,1,2,3,0,1,1,0,3,3,0.00063,0.00085,0.00063,
org.apache.catalina.mbeans.ContextEnvironmentMBean,0,2,2,0,1,1,0,3,3,0.00063,0.00084,0.00072,
org.apache.catalina.mbeans.ContextResourceLinkMBean,0,3,3,0,1,1,0,3,3,0.00063,0.00084,0.00072,
org.apache.catalina.mbeans.ContextResourceMBean,0,3,3,0,1,1,0,3,3,0.00063,0.00084,0.00072,
org.apache.catalina.startup.CredentialHandlerRuleSet,2,5,7,1,0,1,3,0,3,0.00173,0.00083,0.00134,
org.apache.naming.factory.BeanFactory,0,2,2,0,1,1,0,3,3,0.00063,0.00082,0.00058,
org.apache.catalina.servlets.CGIServlet,12,19,31,0,1,1,0,3,3,0.00063,0.00077,0.00063,
org.apache.catalina.realm.SecretKeyCredentialHandler,6,11,17,0,1,1,0,3,3,0.00063,0.00074,0.00048,
org.apache.catalina.servlets.WebdavStatus,27,4,31,1,0,1,3,0,3,0.0007,0.00074,0.00045,
org.apache.catalina.startup.SetContextPropertiesRule,0,2,2,1,0,1,3,0,3,0.00079,0.00072,0.00062,
org.apache.catalina.startup.CertificateCreateRule,0,3,3,1,0,1,3,0,3,0.00071,0.00069,0.00045,
org.apache.catalina.session.Constants,1,2,3,1,0,1,3,0,3,0.00072,0.0006,0.00045,
org.apache.catalina.session.PersistentManager,1,2,3,0,1,1,0,3,3,0.00063,0.00059,0.00037,
org.apache.catalina.mbeans.RoleMBean,2,1,3,0,1,1,0,3,3,0.00063,0.00058,0.00039,
org.apache.catalina.connector.CoyotePrincipal,2,3,5,1,0,1,3,0,3,0.00069,0.00054,0.00037,
org.apache.catalina.authenticator.jaspic.SimpleServerAuthContext,1,4,5,1,0,1,2,0,2,0.00162,0.0018,0.00229,
org.apache.catalina.authenticator.jaspic.SimpleAuthConfigProvider,2,5,7,0,1,1,0,2,2,0.00063,0.0018,0.00132,
org.apache.catalina.webresources.war.WarURLConnection,2,5,7,1,0,1,2,0,2,0.00146,0.00111,0.00165,
org.apache.catalina.webresources.ClasspathURLStreamHandler,1,3,4,1,0,1,2,0,2,0.00097,0.00084,0.00089,
org.apache.naming.NameParserImpl,0,2,2,1,0,1,2,0,2,0.00076,0.00077,0.00051,
org.apache.catalina.session.StandardSessionContext,1,4,5,1,0,1,2,0,2,0.00072,0.0006,0.00041,
org.apache.catalina.authenticator.jaspic.MessageInfoImpl,5,8,13,1,0,1,2,0,2,0.00071,0.00056,0.00038,
org.apache.catalina.session.TooManyActiveSessionsException,2,2,4,1,0,1,2,0,2,0.00068,0.00056,0.00039,
org.apache.catalina.security.DeployXmlPermission,1,2,3,1,0,1,2,0,2,0.00067,0.00055,0.00038,
org.apache.catalina.Lifecycle$SingleUse,0,0,0,0,0,0,0,0,0,0.00063,0.00035,0.00035,
org.apache.catalina.WebResourceRoot$ResourceSetType,5,4,9,0,0,0,0,0,0,0.00063,0.00035,0.00035,
org.apache.catalina.authenticator.AuthenticatorBase$1,0,0,0,0,0,0,0,0,0,0.00063,0.00035,0.00035,
org.apache.catalina.authenticator.AuthenticatorBase$JaspicState,2,2,4,0,0,0,0,0,0,0.00063,0.00035,0.00035,
org.apache.catalina.authenticator.BasicAuthenticator$BasicCredentials,8,6,14,0,0,0,0,0,0,0.00063,0.00035,0.00035,
org.apache.catalina.authenticator.DigestAuthenticator$1,4,2,6,0,0,0,0,0,0,0.00063,0.00035,0.00035,
org.apache.catalina.authenticator.DigestAuthenticator$DigestInfo,16,6,22,0,0,0,0,0,0,0.00063,0.00035,0.00035,
org.apache.catalina.authenticator.DigestAuthenticator$NonceInfo,4,3,7,0,0,0,0,0,0,0.00063,0.00035,0.00035,
org.apache.catalina.authenticator.SpnegoAuthenticator$1,3,3,6,0,0,0,0,0,0,0.00063,0.00035,0.00035,
org.apache.catalina.authenticator.SpnegoAuthenticator$AcceptAction,2,3,5,0,0,0,0,0,0,0.00063,0.00035,0.00035,
org.apache.catalina.authenticator.SpnegoAuthenticator$AuthenticateAction,3,3,6,0,0,0,0,0,0,0.00063,0.00035,0.00035,
org.apache.catalina.authenticator.SpnegoAuthenticator$SpnegoTokenFixer,2,8,10,0,0,0,0,0,0,0.00063,0.00035,0.00035,
org.apache.catalina.authenticator.jaspic.AuthConfigFactoryImpl$1,0,0,0,0,0,0,0,0,0,0.00063,0.00035,0.00035,
org.apache.catalina.authenticator.jaspic.AuthConfigFactoryImpl$RegistrationContextImpl,7,15,22,0,0,0,0,0,0,0.00063,0.00035,0.00035,
org.apache.catalina.authenticator.jaspic.AuthConfigFactoryImpl$RegistrationListenerWrapper,3,7,10,0,0,0,0,0,0,0.00063,0.00035,0.00035,
org.apache.catalina.authenticator.jaspic.PersistentProviderRegistrations$Property,2,5,7,0,0,0,0,0,0,0.00063,0.00035,0.00035,
org.apache.catalina.authenticator.jaspic.PersistentProviderRegistrations$Provider,5,12,17,0,0,0,0,0,0,0.00063,0.00035,0.00035,
org.apache.catalina.authenticator.jaspic.PersistentProviderRegistrations$Providers,1,4,5,0,0,0,0,0,0,0.00063,0.00035,0.00035,
org.apache.catalina.connector.CoyoteAdapter$1,0,3,3,0,0,0,0,0,0,0.00063,0.00035,0.00035,
org.apache.catalina.connector.CoyoteAdapter$RecycleRequiredException,1,2,3,0,0,0,0,0,0,0.00063,0.00035,0.00035,
org.apache.catalina.connector.CoyoteInputStream$PrivilegedAvailable,1,3,4,0,0,0,0,0,0,0.00063,0.00035,0.00035,
org.apache.catalina.connector.CoyoteInputStream$PrivilegedClose,1,3,4,0,0,0,0,0,0,0.00063,0.00035,0.00035,
org.apache.catalina.connector.CoyoteInputStream$PrivilegedRead,1,3,4,0,0,0,0,0,0,0.00063,0.00035,0.00035,
org.apache.catalina.connector.CoyoteInputStream$PrivilegedReadArray,4,3,7,0,0,0,0,0,0,0.00063,0.00035,0.00035,
org.apache.catalina.connector.CoyoteInputStream$PrivilegedReadBuffer,2,3,5,0,0,0,0,0,0,0.00063,0.00035,0.00035,
org.apache.catalina.connector.InputBuffer$PrivilegedCreateConverter,1,3,4,0,0,0,0,0,0,0.00063,0.00035,0.00035,
org.apache.catalina.connector.OutputBuffer$PrivilegedCreateConverter,1,3,4,0,0,0,0,0,0,0.00063,0.00035,0.00035,
org.apache.catalina.connector.Request$1,0,3,3,0,0,0,0,0,0,0.00063,0.00035,0.00035,
org.apache.catalina.connector.Request$2,0,3,3,0,0,0,0,0,0,0.00063,0.00035,0.00035,
org.apache.catalina.connector.Request$3,0,3,3,0,0,0,0,0,0,0.00063,0.00035,0.00035,
org.apache.catalina.connector.Request$4,0,3,3,0,0,0,0,0,0,0.00063,0.00035,0.00035,
org.apache.catalina.connector.Request$5,0,3,3,0,0,0,0,0,0,0.00063,0.00035,0.00035,
org.apache.catalina.connector.Request$6,0,3,3,0,0,0,0,0,0,0.00063,0.00035,0.00035,
org.apache.catalina.connector.Request$7,0,3,3,0,0,0,0,0,0,0.00063,0.00035,0.00035,
org.apache.catalina.connector.Request$SpecialAttributeAdapter,0,2,2,0,0,0,0,0,0,0.00063,0.00035,0.00035,
org.apache.catalina.connector.RequestFacade$1,0,0,0,0,0,0,0,0,0,0.00063,0.00035,0.00035,
org.apache.catalina.connector.RequestFacade$GetAttributePrivilegedAction,1,4,5,0,0,0,0,0,0,0.00063,0.00035,0.00035,
org.apache.catalina.connector.RequestFacade$GetCharacterEncodingPrivilegedAction,1,4,5,0,0,0,0,0,0,0.00063,0.00035,0.00035,
org.apache.catalina.connector.RequestFacade$GetCookiesPrivilegedAction,1,4,5,0,0,0,0,0,0,0.00063,0.00035,0.00035,
org.apache.catalina.connector.RequestFacade$GetHeaderNamesPrivilegedAction,1,4,5,0,0,0,0,0,0,0.00063,0.00035,0.00035,
org.apache.catalina.connector.RequestFacade$GetHeadersPrivilegedAction,2,3,5,0,0,0,0,0,0,0.00063,0.00035,0.00035,
org.apache.catalina.connector.RequestFacade$GetLocalePrivilegedAction,1,4,5,0,0,0,0,0,0,0.00063,0.00035,0.00035,
org.apache.catalina.connector.RequestFacade$GetLocalesPrivilegedAction,1,4,5,0,0,0,0,0,0,0.00063,0.00035,0.00035,
org.apache.catalina.connector.RequestFacade$GetParameterMapPrivilegedAction,1,4,5,0,0,0,0,0,0,0.00063,0.00035,0.00035,
org.apache.catalina.connector.RequestFacade$GetParameterNamesPrivilegedAction,1,4,5,0,0,0,0,0,0,0.00063,0.00035,0.00035,
org.apache.catalina.connector.RequestFacade$GetParameterPrivilegedAction,2,3,5,0,0,0,0,0,0,0.00063,0.00035,0.00035,
org.apache.catalina.connector.RequestFacade$GetParameterValuePrivilegedAction,2,3,5,0,0,0,0,0,0,0.00063,0.00035,0.00035,
org.apache.catalina.connector.RequestFacade$GetRequestDispatcherPrivilegedAction,2,3,5,0,0,0,0,0,0,0.00063,0.00035,0.00035,
org.apache.catalina.connector.RequestFacade$GetSessionPrivilegedAction,2,3,5,0,0,0,0,0,0,0.00063,0.00035,0.00035,
org.apache.catalina.connector.Response$PrivilegedDoIsEncodable,4,3,7,0,0,0,0,0,0,0.00063,0.00035,0.00035,
org.apache.catalina.connector.Response$PrivilegedGenerateCookieString,2,3,5,0,0,0,0,0,0,0.00063,0.00035,0.00035,
org.apache.catalina.connector.Response$PrivilgedEncodeUrl,3,3,6,0,0,0,0,0,0,0.00063,0.00035,0.00035,
org.apache.catalina.connector.ResponseFacade$DateHeaderPrivilegedAction,4,3,7,0,0,0,0,0,0,0.00063,0.00035,0.00035,
org.apache.catalina.connector.ResponseFacade$FlushBufferPrivilegedAction,1,3,4,0,0,0,0,0,0,0.00063,0.00035,0.00035,
org.apache.catalina.connector.ResponseFacade$SetContentTypePrivilegedAction,2,3,5,0,0,0,0,0,0,0.00063,0.00035,0.00035,
org.apache.catalina.core.ApplicationContext$DispatchData,2,1,3,0,0,0,0,0,0,0.00063,0.00035,0.00035,
org.apache.catalina.core.ApplicationContextFacade$PrivilegedExecuteMethod,3,2,5,0,0,0,0,0,0,0.00063,0.00035,0.00035,
org.apache.catalina.core.ApplicationDispatcher$PrivilegedDispatch,3,3,6,0,0,0,0,0,0,0.00063,0.00035,0.00035,
org.apache.catalina.core.ApplicationDispatcher$PrivilegedForward,3,3,6,0,0,0,0,0,0,0.00063,0.00035,0.00035,
org.apache.catalina.core.ApplicationDispatcher$PrivilegedInclude,3,3,6,0,0,0,0,0,0,0.00063,0.00035,0.00035,
org.apache.catalina.core.ApplicationDispatcher$State,7,1,8,0,0,0,0,0,0,0.00063,0.00035,0.00035,
org.apache.catalina.core.ApplicationFilterChain$1,3,3,6,0,0,0,0,0,0,0.00063,0.00035,0.00035,
org.apache.catalina.core.ApplicationFilterFactory$1,1,1,2,0,0,0,0,0,0,0.00063,0.00035,0.00035,
org.apache.catalina.core.ApplicationHttpRequest$AttributeNamesEnumerator,5,5,10,0,0,0,0,0,0,0.00063,0.00035,0.00035,
org.apache.catalina.core.ApplicationMapping$1,1,1,2,0,0,0,0,0,0,0.00063,0.00035,0.00035,
org.apache.catalina.core.ApplicationMapping$MappingImpl,4,5,9,0,0,0,0,0,0,0.00063,0.00035,0.00035,
org.apache.catalina.core.AsyncContextImpl$1,0,0,0,0,0,0,0,0,0,0.00063,0.00035,0.00035,
org.apache.catalina.core.AsyncContextImpl$AsyncRunnable,4,2,6,0,0,0,0,0,0,0.00063,0.00035,0.00035,
org.apache.catalina.core.AsyncContextImpl$DebugException,1,2,3,0,0,0,0,0,0,0.00063,0.00035,0.00035,
org.apache.catalina.core.AsyncContextImpl$RunnableWrapper,3,2,5,0,0,0,0,0,0,0.00063,0.00035,0.00035,
org.apache.catalina.core.Constants,4,1,5,0,0,0,0,0,0,0.00063,0.00035,0.00035,
org.apache.catalina.core.ContainerBase$ContainerBackgroundProcessor,1,3,4,0,0,0,0,0,0,0.00063,0.00035,0.00035,
org.apache.catalina.core.ContainerBase$PrivilegedAddChild,2,3,5,0,0,0,0,0,0,0.00063,0.00035,0.00035,
org.apache.catalina.core.ContainerBase$StartChild,1,3,4,0,0,0,0,0,0,0.00063,0.00035,0.00035,
org.apache.catalina.core.ContainerBase$StartStopThreadFactory,3,2,5,0,0,0,0,0,0,0.00063,0.00035,0.00035,
org.apache.catalina.core.ContainerBase$StopChild,1,3,4,0,0,0,0,0,0,0.00063,0.00035,0.00035,
org.apache.catalina.core.DefaultInstanceManager$AnnotationCacheEntry,4,5,9,0,0,0,0,0,0,0.00063,0.00035,0.00035,
org.apache.catalina.core.DefaultInstanceManager$AnnotationCacheEntryType,5,4,9,0,0,0,0,0,0,0.00063,0.00035,0.00035,
org.apache.catalina.core.DefaultInstanceManager$PrivilegedGetField,2,3,5,0,0,0,0,0,0,0.00063,0.00035,0.00035,
org.apache.catalina.core.DefaultInstanceManager$PrivilegedGetMethod,2,3,5,0,0,0,0,0,0,0.00063,0.00035,0.00035,
org.apache.catalina.core.DefaultInstanceManager$PrivilegedLoadClass,3,3,6,0,0,0,0,0,0,0.00063,0.00035,0.00035,
org.apache.catalina.core.StandardContext$1,0,3,3,0,0,0,0,0,0,0.00063,0.00035,0.00035,
org.apache.catalina.core.StandardContext$2,1,3,4,0,0,0,0,0,0,0.00063,0.00035,0.00035,
org.apache.catalina.core.StandardContext$ContextFilterMaps,3,6,9,0,0,0,0,0,0,0.00063,0.00035,0.00035,
org.apache.catalina.core.StandardContext$NoPluggabilityServletContext,1,60,61,0,0,0,0,0,0,0.00063,0.00035,0.00035,
org.apache.catalina.core.StandardEngine$AccessLogListener,4,6,10,0,0,0,0,0,0,0.00063,0.00035,0.00035,
org.apache.catalina.core.StandardEngine$NoopAccessLog,0,4,4,0,0,0,0,0,0,0.00063,0.00035,0.00035,
org.apache.catalina.core.StandardHost$1,0,0,0,0,0,0,0,0,0,0.00063,0.00035,0.00035,
org.apache.catalina.core.StandardHost$MemoryLeakTrackingListener,1,3,4,0,0,0,0,0,0,0.00063,0.00035,0.00035,
org.apache.catalina.filters.AddDefaultCharsetFilter$ResponseWrapper,1,5,6,0,0,0,0,0,0,0.00063,0.00035,0.00035,
org.apache.catalina.filters.Constants,7,1,8,0,0,0,0,0,0,0.00063,0.00035,0.00035,
org.apache.catalina.filters.CorsFilter,41,25,66,0,0,0,0,0,0,0.00063,0.00035,0.00035,
org.apache.catalina.filters.CorsFilter$1,1,1,2,0,0,0,0,0,0,0.00063,0.00035,0.00035,
org.apache.catalina.filters.CorsFilter$CORSRequestType,6,4,10,0,0,0,0,0,0,0.00063,0.00035,0.00035,
org.apache.catalina.filters.CsrfPreventionFilter$CsrfResponseWrapper,1,6,7,0,0,0,0,0,0,0.00063,0.00035,0.00035,
org.apache.catalina.filters.CsrfPreventionFilter$LruCache,2,3,5,0,0,0,0,0,0,0.00063,0.00035,0.00035,
org.apache.catalina.filters.CsrfPreventionFilter$LruCache$1,3,2,5,0,0,0,0,0,0,0.00063,0.00035,0.00035,
org.apache.catalina.filters.ExpiresFilter$1,1,1,2,0,0,0,0,0,0,0.00063,0.00035,0.00035,
org.apache.catalina.filters.ExpiresFilter$Duration,2,4,6,0,0,0,0,0,0,0.00063,0.00035,0.00035,
org.apache.catalina.filters.ExpiresFilter$DurationUnit,9,5,14,0,0,0,0,0,0,0.00063,0.00035,0.00035,
org.apache.catalina.filters.ExpiresFilter$ExpiresConfiguration,2,4,6,0,0,0,0,0,0,0.00063,0.00035,0.00035,
org.apache.catalina.filters.ExpiresFilter$StartingPoint,3,4,7,0,0,0,0,0,0,0.00063,0.00035,0.00035,
org.apache.catalina.filters.ExpiresFilter$XHttpServletResponse,8,13,21,0,0,0,0,0,0,0.00063,0.00035,0.00035,
org.apache.catalina.filters.ExpiresFilter$XPrintWriter,4,39,43,0,0,0,0,0,0,0.00063,0.00035,0.00035,
org.apache.catalina.filters.ExpiresFilter$XServletOutputStream,4,24,28,0,0,0,0,0,0,0.00063,0.00035,0.00035,
org.apache.catalina.filters.FailedRequestFilter$1,1,1,2,0,0,0,0,0,0,0.00063,0.00035,0.00035,
org.apache.catalina.filters.HttpHeaderSecurityFilter$XFrameOption,5,6,11,0,0,0,0,0,0,0.00063,0.00035,0.00035,
org.apache.catalina.filters.RemoteIpFilter$XForwardedRequest,8,24,32,0,0,0,0,0,0,0.00063,0.00035,0.00035,
org.apache.catalina.filters.RemoteIpFilter$XForwardedRequest$1,0,3,3,0,0,0,0,0,0,0.00063,0.00035,0.00035,
org.apache.catalina.filters.RequestDumperFilter,5,5,10,0,0,0,0,0,0,0.00063,0.00035,0.00035,
org.apache.catalina.filters.RequestDumperFilter$1,0,3,3,0,0,0,0,0,0,0.00063,0.00035,0.00035,
org.apache.catalina.filters.RequestDumperFilter$Timestamp,3,6,9,0,0,0,0,0,0,0.00063,0.00035,0.00035,
org.apache.catalina.filters.RestCsrfPreventionFilter$NonceConsumer,0,1,1,0,0,0,0,0,0,0.00063,0.00035,0.00035,
org.apache.catalina.filters.RestCsrfPreventionFilter$NonceSupplier,0,1,1,0,0,0,0,0,0,0.00063,0.00035,0.00035,
org.apache.catalina.filters.SessionInitializerFilter,0,2,2,0,0,0,0,0,0,0.00063,0.00035,0.00035,
org.apache.catalina.filters.WebdavFixFilter,5,4,9,0,0,0,0,0,0,0.00063,0.00035,0.00035,
org.apache.catalina.loader.Constants,1,1,2,0,0,0,0,0,0,0.00063,0.00035,0.00035,
org.apache.catalina.loader.JdbcLeakPrevention,0,2,2,0,0,0,0,0,0,0.00063,0.00035,0.00035,
org.apache.catalina.loader.WebappClassLoaderBase$1,0,0,0,0,0,0,0,0,0,0.00063,0.00035,0.00035,
org.apache.catalina.loader.WebappClassLoaderBase$PrivilegedFindClassByName,2,3,5,0,0,0,0,0,0,0.00063,0.00035,0.00035,
org.apache.catalina.loader.WebappClassLoaderBase$PrivilegedGetClassLoader,1,3,4,0,0,0,0,0,0,0.00063,0.00035,0.00035,
org.apache.catalina.loader.WebappClassLoaderBase$PrivilegedHasLoggingConfig,1,4,5,0,0,0,0,0,0,0.00063,0.00035,0.00035,
org.apache.catalina.manager.HTMLManagerServlet$1,1,2,3,0,0,0,0,0,0,0.00063,0.00035,0.00035,
org.apache.catalina.manager.HTMLManagerServlet$10,1,2,3,0,0,0,0,0,0,0.00063,0.00035,0.00035,
org.apache.catalina.manager.HTMLManagerServlet$2,1,2,3,0,0,0,0,0,0,0.00063,0.00035,0.00035,
org.apache.catalina.manager.HTMLManagerServlet$3,1,2,3,0,0,0,0,0,0,0.00063,0.00035,0.00035,
org.apache.catalina.manager.HTMLManagerServlet$4,1,2,3,0,0,0,0,0,0,0.00063,0.00035,0.00035,
org.apache.catalina.manager.HTMLManagerServlet$5,1,2,3,0,0,0,0,0,0,0.00063,0.00035,0.00035,
org.apache.catalina.manager.HTMLManagerServlet$6,1,2,3,0,0,0,0,0,0,0.00063,0.00035,0.00035,
org.apache.catalina.manager.HTMLManagerServlet$7,1,2,3,0,0,0,0,0,0,0.00063,0.00035,0.00035,
org.apache.catalina.manager.HTMLManagerServlet$8,1,2,3,0,0,0,0,0,0,0.00063,0.00035,0.00035,
org.apache.catalina.manager.HTMLManagerServlet$9,1,2,3,0,0,0,0,0,0,0.00063,0.00035,0.00035,
org.apache.catalina.manager.host.Constants,7,1,8,0,0,0,0,0,0,0.00063,0.00035,0.00035,
org.apache.catalina.mapper.Constants,1,1,2,0,0,0,0,0,0,0.00063,0.00035,0.00035,
org.apache.catalina.mapper.Mapper$ContextList,2,4,6,0,0,0,0,0,0,0.00063,0.00035,0.00035,
org.apache.catalina.mapper.Mapper$ContextVersion,10,3,13,0,0,0,0,0,0,0.00063,0.00035,0.00035,
org.apache.catalina.mapper.Mapper$MapElement,2,1,3,0,0,0,0,0,0,0.00063,0.00035,0.00035,
org.apache.catalina.mapper.Mapper$MappedContext,1,1,2,0,0,0,0,0,0,0.00063,0.00035,0.00035,
org.apache.catalina.mapper.Mapper$MappedHost,3,9,12,0,0,0,0,0,0,0.00063,0.00035,0.00035,
org.apache.catalina.mapper.Mapper$MappedWrapper,2,1,3,0,0,0,0,0,0,0.00063,0.00035,0.00035,
org.apache.catalina.realm.GenericPrincipal$SerializablePrincipal,5,2,7,0,0,0,0,0,0,0.00063,0.00035,0.00035,
org.apache.catalina.realm.JNDIRealm$User,5,6,11,0,0,0,0,0,0,0.00063,0.00035,0.00035,
org.apache.catalina.realm.LockOutRealm$1,2,2,4,0,0,0,0,0,0,0.00063,0.00035,0.00035,
org.apache.catalina.realm.LockOutRealm$LockRecord,2,5,7,0,0,0,0,0,0,0.00063,0.00035,0.00035,
org.apache.catalina.realm.RealmBase$AllRolesMode,4,6,10,0,0,0,0,0,0,0.00063,0.00035,0.00035,
org.apache.catalina.security.Constants,2,1,3,0,0,0,0,0,0,0.00063,0.00035,0.00035,
org.apache.catalina.security.SecurityUtil$1,3,3,6,0,0,0,0,0,0,0.00063,0.00035,0.00035,
org.apache.catalina.servlets.CGIServlet$CGIEnvironment,12,15,27,0,0,0,0,0,0,0.00063,0.00035,0.00035,
org.apache.catalina.servlets.CGIServlet$CGIRunner,8,11,19,0,0,0,0,0,0,0.00063,0.00035,0.00035,
org.apache.catalina.servlets.CGIServlet$CGIRunner$1,2,2,4,0,0,0,0,0,0,0.00063,0.00035,0.00035,
org.apache.catalina.servlets.CGIServlet$HTTPHeaderInputStream,7,2,9,0,0,0,0,0,0,0.00063,0.00035,0.00035,
org.apache.catalina.servlets.Constants,1,1,2,0,0,0,0,0,0,0.00063,0.00035,0.00035,
org.apache.catalina.servlets.DefaultServlet$1,0,0,0,0,0,0,0,0,0,0.00063,0.00035,0.00035,
org.apache.catalina.servlets.DefaultServlet$CompressionFormat,3,1,4,0,0,0,0,0,0,0.00063,0.00035,0.00035,
org.apache.catalina.servlets.DefaultServlet$PrecompressedResource,2,2,4,0,0,0,0,0,0,0.00063,0.00035,0.00035,
org.apache.catalina.servlets.DefaultServlet$Range,3,2,5,0,0,0,0,0,0,0.00063,0.00035,0.00035,
org.apache.catalina.servlets.DefaultServlet$SecureEntityResolver,0,5,5,0,0,0,0,0,0,0.00063,0.00035,0.00035,
org.apache.catalina.servlets.WebdavServlet$LockInfo,10,5,15,0,0,0,0,0,0,0.00063,0.00035,0.00035,
org.apache.catalina.servlets.WebdavServlet$WebdavResolver,1,2,3,0,0,0,0,0,0,0.00063,0.00035,0.00035,
org.apache.catalina.session.ManagerBase$SessionTiming,2,3,5,0,0,0,0,0,0,0.00063,0.00035,0.00035,
org.apache.catalina.session.PersistentManagerBase$PrivilegedStoreClear,1,3,4,0,0,0,0,0,0,0.00063,0.00035,0.00035,
org.apache.catalina.session.PersistentManagerBase$PrivilegedStoreKeys,1,3,4,0,0,0,0,0,0,0.00063,0.00035,0.00035,
org.apache.catalina.session.PersistentManagerBase$PrivilegedStoreLoad,2,3,5,0,0,0,0,0,0,0.00063,0.00035,0.00035,
org.apache.catalina.session.PersistentManagerBase$PrivilegedStoreRemove,2,3,5,0,0,0,0,0,0,0.00063,0.00035,0.00035,
org.apache.catalina.session.PersistentManagerBase$PrivilegedStoreSave,2,3,5,0,0,0,0,0,0,0.00063,0.00035,0.00035,
org.apache.catalina.session.StandardManager$PrivilegedDoLoad,1,3,4,0,0,0,0,0,0,0.00063,0.00035,0.00035,
org.apache.catalina.session.StandardManager$PrivilegedDoUnload,1,3,4,0,0,0,0,0,0,0.00063,0.00035,0.00035,
org.apache.catalina.session.StandardSession$PrivilegedNewSessionFacade,1,3,4,0,0,0,0,0,0,0.00063,0.00035,0.00035,
org.apache.catalina.ssi.ExpressionParseTree$1,0,0,0,0,0,0,0,0,0,0.00063,0.00035,0.00035,
org.apache.catalina.ssi.ExpressionParseTree$AndNode,1,5,6,0,0,0,0,0,0,0.00063,0.00035,0.00035,
org.apache.catalina.ssi.ExpressionParseTree$CompareNode,1,3,4,0,0,0,0,0,0,0.00063,0.00035,0.00035,
org.apache.catalina.ssi.ExpressionParseTree$EqualNode,1,5,6,0,0,0,0,0,0,0.00063,0.00035,0.00035,
org.apache.catalina.ssi.ExpressionParseTree$GreaterThanNode,1,5,6,0,0,0,0,0,0,0.00063,0.00035,0.00035,
org.apache.catalina.ssi.ExpressionParseTree$LessThanNode,1,5,6,0,0,0,0,0,0,0.00063,0.00035,0.00035,
org.apache.catalina.ssi.ExpressionParseTree$Node,1,3,4,0,0,0,0,0,0,0.00063,0.00035,0.00035,
org.apache.catalina.ssi.ExpressionParseTree$NotNode,1,6,7,0,0,0,0,0,0,0.00063,0.00035,0.00035,
org.apache.catalina.ssi.ExpressionParseTree$OppNode,3,4,7,0,0,0,0,0,0,0.00063,0.00035,0.00035,
org.apache.catalina.ssi.ExpressionParseTree$OrNode,1,5,6,0,0,0,0,0,0,0.00063,0.00035,0.00035,
org.apache.catalina.ssi.ExpressionParseTree$StringNode,3,4,7,0,0,0,0,0,0,0.00063,0.00035,0.00035,
org.apache.catalina.ssi.SSIServletExternalResolver$ServletContextAndPath,2,3,5,0,0,0,0,0,0,0.00063,0.00035,0.00035,
org.apache.catalina.startup.Catalina$CatalinaShutdownHook,1,2,3,0,0,0,0,0,0,0.00063,0.00035,0.00035,
org.apache.catalina.startup.ClassLoaderFactory$1,2,3,5,0,0,0,0,0,0,0.00063,0.00035,0.00035,
org.apache.catalina.startup.ClassLoaderFactory$2,2,3,5,0,0,0,0,0,0,0.00063,0.00035,0.00035,
org.apache.catalina.startup.ClassLoaderFactory$Repository,2,3,5,0,0,0,0,0,0,0.00063,0.00035,0.00035,
org.apache.catalina.startup.ClassLoaderFactory$RepositoryType,5,4,9,0,0,0,0,0,0,0.00063,0.00035,0.00035,
org.apache.catalina.startup.Constants,10,1,11,0,0,0,0,0,0,0.00063,0.00035,0.00035,
org.apache.catalina.startup.ContextConfig$DefaultWebXmlCacheEntry,3,4,7,0,0,0,0,0,0,0.00063,0.00035,0.00035,
org.apache.catalina.startup.ContextConfig$JavaClassCacheEntry,3,5,8,0,0,0,0,0,0,0.00063,0.00035,0.00035,
org.apache.catalina.startup.HostConfig$DeployDescriptor,3,2,5,0,0,0,0,0,0,0.00063,0.00035,0.00035,
org.apache.catalina.startup.HostConfig$DeployDirectory,3,2,5,0,0,0,0,0,0,0.00063,0.00035,0.00035,
org.apache.catalina.startup.HostConfig$DeployWar,3,2,5,0,0,0,0,0,0,0.00063,0.00035,0.00035,
org.apache.catalina.startup.HostConfig$DeployedApplication,6,1,7,0,0,0,0,0,0,0.00063,0.00035,0.00035,
org.apache.catalina.startup.HostConfig$ExpandedDirectoryRemovalListener,2,2,4,0,0,0,0,0,0,0.00063,0.00035,0.00035,
org.apache.catalina.startup.SafeForkJoinWorkerThreadFactory,0,2,2,0,0,0,0,0,0,0.00063,0.00035,0.00035,
org.apache.catalina.startup.SafeForkJoinWorkerThreadFactory$SafeForkJoinWorkerThread,0,1,1,0,0,0,0,0,0,0.00063,0.00035,0.00035,
org.apache.catalina.startup.Tomcat$1,0,0,0,0,0,0,0,0,0,0.00063,0.00035,0.00035,
org.apache.catalina.startup.Tomcat$DefaultWebXmlListener,0,2,2,0,0,0,0,0,0,0.00063,0.00035,0.00035,
org.apache.catalina.startup.Tomcat$ExistingStandardWrapper,1,7,8,0,0,0,0,0,0,0.00063,0.00035,0.00035,
org.apache.catalina.startup.Tomcat$FixContextListener,0,2,2,0,0,0,0,0,0,0.00063,0.00035,0.00035,
org.apache.catalina.startup.Tomcat$SimpleRealm,1,4,5,0,0,0,0,0,0,0.00063,0.00035,0.00035,
org.apache.catalina.startup.UserConfig$DeployUserDirectory,3,2,5,0,0,0,0,0,0,0.00063,0.00035,0.00035,
org.apache.catalina.users.Constants,1,1,2,0,0,0,0,0,0,0.00063,0.00035,0.00035,
org.apache.catalina.util.Introspection$1,1,3,4,0,0,0,0,0,0,0.00063,0.00035,0.00035,
org.apache.catalina.util.Introspection$2,1,3,4,0,0,0,0,0,0,0.00063,0.00035,0.00035,
org.apache.catalina.util.TomcatCSS,1,1,2,0,0,0,0,0,0,0.00063,0.00035,0.00035,
org.apache.catalina.valves.AbstractAccessLogValve$1,0,3,3,0,0,0,0,0,0,0.00063,0.00035,0.00035,
org.apache.catalina.valves.AbstractAccessLogValve$2,0,3,3,0,0,0,0,0,0,0.00063,0.00035,0.00035,
org.apache.catalina.valves.AbstractAccessLogValve$AccessLogElement,0,1,1,0,0,0,0,0,0,0.00063,0.00035,0.00035,
org.apache.catalina.valves.AbstractAccessLogValve$ByteSentElement,1,2,3,0,0,0,0,0,0,0.00063,0.00035,0.00035,
org.apache.catalina.valves.AbstractAccessLogValve$ConnectionStatusElement,0,2,2,0,0,0,0,0,0,0.00063,0.00035,0.00035,
org.apache.catalina.valves.AbstractAccessLogValve$CookieElement,1,2,3,0,0,0,0,0,0,0.00063,0.00035,0.00035,
org.apache.catalina.valves.AbstractAccessLogValve$DateAndTimeElement,13,4,17,0,0,0,0,0,0,0.00063,0.00035,0.00035,
org.apache.catalina.valves.AbstractAccessLogValve$DateFormatCache,5,6,11,0,0,0,0,0,0,0.00063,0.00035,0.00035,
org.apache.catalina.valves.AbstractAccessLogValve$DateFormatCache$Cache,12,7,19,0,0,0,0,0,0,0.00063,0.00035,0.00035,
org.apache.catalina.valves.AbstractAccessLogValve$ElapsedTimeElement,1,2,3,0,0,0,0,0,0,0.00063,0.00035,0.00035,
org.apache.catalina.valves.AbstractAccessLogValve$FirstByteTimeElement,0,2,2,0,0,0,0,0,0,0.00063,0.00035,0.00035,
org.apache.catalina.valves.AbstractAccessLogValve$FormatType,6,4,10,0,0,0,0,0,0,0.00063,0.00035,0.00035,
org.apache.catalina.valves.AbstractAccessLogValve$HeaderElement,1,2,3,0,0,0,0,0,0,0.00063,0.00035,0.00035,
org.apache.catalina.valves.AbstractAccessLogValve$HostElement,1,2,3,0,0,0,0,0,0,0.00063,0.00035,0.00035,
org.apache.catalina.valves.AbstractAccessLogValve$HttpStatusCodeElement,0,2,2,0,0,0,0,0,0,0.00063,0.00035,0.00035,
org.apache.catalina.valves.AbstractAccessLogValve$LocalAddrElement,1,3,4,0,0,0,0,0,0,0.00063,0.00035,0.00035,
org.apache.catalina.valves.AbstractAccessLogValve$LocalServerNameElement,0,2,2,0,0,0,0,0,0,0.00063,0.00035,0.00035,
org.apache.catalina.valves.AbstractAccessLogValve$LogicalUserNameElement,0,2,2,0,0,0,0,0,0,0.00063,0.00035,0.00035,
org.apache.catalina.valves.AbstractAccessLogValve$MethodElement,0,2,2,0,0,0,0,0,0,0.00063,0.00035,0.00035,
org.apache.catalina.valves.AbstractAccessLogValve$PortElement,4,3,7,0,0,0,0,0,0,0.00063,0.00035,0.00035,
org.apache.catalina.valves.AbstractAccessLogValve$PortType,3,4,7,0,0,0,0,0,0,0.00063,0.00035,0.00035,
org.apache.catalina.valves.AbstractAccessLogValve$ProtocolElement,1,2,3,0,0,0,0,0,0,0.00063,0.00035,0.00035,
org.apache.catalina.valves.AbstractAccessLogValve$QueryElement,0,2,2,0,0,0,0,0,0,0.00063,0.00035,0.00035,
org.apache.catalina.valves.AbstractAccessLogValve$RemoteAddrElement,1,2,3,0,0,0,0,0,0,0.00063,0.00035,0.00035,
org.apache.catalina.valves.AbstractAccessLogValve$RequestAttributeElement,1,2,3,0,0,0,0,0,0,0.00063,0.00035,0.00035,
org.apache.catalina.valves.AbstractAccessLogValve$RequestElement,0,2,2,0,0,0,0,0,0,0.00063,0.00035,0.00035,
org.apache.catalina.valves.AbstractAccessLogValve$RequestURIElement,0,2,2,0,0,0,0,0,0,0.00063,0.00035,0.00035,
org.apache.catalina.valves.AbstractAccessLogValve$ResponseHeaderElement,1,2,3,0,0,0,0,0,0,0.00063,0.00035,0.00035,
org.apache.catalina.valves.AbstractAccessLogValve$SessionAttributeElement,1,2,3,0,0,0,0,0,0,0.00063,0.00035,0.00035,
org.apache.catalina.valves.AbstractAccessLogValve$SessionIdElement,0,2,2,0,0,0,0,0,0,0.00063,0.00035,0.00035,
org.apache.catalina.valves.AbstractAccessLogValve$StringElement,1,2,3,0,0,0,0,0,0,0.00063,0.00035,0.00035,
org.apache.catalina.valves.AbstractAccessLogValve$ThreadNameElement,0,2,2,0,0,0,0,0,0,0.00063,0.00035,0.00035,
org.apache.catalina.valves.AbstractAccessLogValve$UserElement,0,2,2,0,0,0,0,0,0,0.00063,0.00035,0.00035,
org.apache.catalina.valves.Constants,1,1,2,0,0,0,0,0,0,0.00063,0.00035,0.00035,
org.apache.catalina.valves.Constants$AccessLog,4,1,5,0,0,0,0,0,0,0.00063,0.00035,0.00035,
org.apache.catalina.valves.ExtendedAccessLogValve$1,1,2,3,0,0,0,0,0,0,0.00063,0.00035,0.00035,
org.apache.catalina.valves.ExtendedAccessLogValve$10,1,2,3,0,0,0,0,0,0,0.00063,0.00035,0.00035,
org.apache.catalina.valves.ExtendedAccessLogValve$11,1,2,3,0,0,0,0,0,0,0.00063,0.00035,0.00035,
org.apache.catalina.valves.ExtendedAccessLogValve$12,1,2,3,0,0,0,0,0,0,0.00063,0.00035,0.00035,
org.apache.catalina.valves.ExtendedAccessLogValve$13,1,2,3,0,0,0,0,0,0,0.00063,0.00035,0.00035,
org.apache.catalina.valves.ExtendedAccessLogValve$14,1,2,3,0,0,0,0,0,0,0.00063,0.00035,0.00035,
org.apache.catalina.valves.ExtendedAccessLogValve$2,1,2,3,0,0,0,0,0,0,0.00063,0.00035,0.00035,
org.apache.catalina.valves.ExtendedAccessLogValve$3,1,2,3,0,0,0,0,0,0,0.00063,0.00035,0.00035,
org.apache.catalina.valves.ExtendedAccessLogValve$4,1,2,3,0,0,0,0,0,0,0.00063,0.00035,0.00035,
org.apache.catalina.valves.ExtendedAccessLogValve$5,1,2,3,0,0,0,0,0,0,0.00063,0.00035,0.00035,
org.apache.catalina.valves.ExtendedAccessLogValve$6,1,2,3,0,0,0,0,0,0,0.00063,0.00035,0.00035,
org.apache.catalina.valves.ExtendedAccessLogValve$7,1,2,3,0,0,0,0,0,0,0.00063,0.00035,0.00035,
org.apache.catalina.valves.ExtendedAccessLogValve$8,1,2,3,0,0,0,0,0,0,0.00063,0.00035,0.00035,
org.apache.catalina.valves.ExtendedAccessLogValve$9,1,2,3,0,0,0,0,0,0,0.00063,0.00035,0.00035,
org.apache.catalina.valves.ExtendedAccessLogValve$CookieElement,1,2,3,0,0,0,0,0,0,0.00063,0.00035,0.00035,
org.apache.catalina.valves.ExtendedAccessLogValve$DateElement,2,3,5,0,0,0,0,0,0,0.00063,0.00035,0.00035,
org.apache.catalina.valves.ExtendedAccessLogValve$DateElement$1,0,3,3,0,0,0,0,0,0,0.00063,0.00035,0.00035,
org.apache.catalina.valves.ExtendedAccessLogValve$ElementTimestampStruct,3,5,8,0,0,0,0,0,0,0.00063,0.00035,0.00035,
org.apache.catalina.valves.ExtendedAccessLogValve$PatternTokenizer,5,8,13,0,0,0,0,0,0,0.00063,0.00035,0.00035,
org.apache.catalina.valves.ExtendedAccessLogValve$RequestAttributeElement,1,2,3,0,0,0,0,0,0,0.00063,0.00035,0.00035,
org.apache.catalina.valves.ExtendedAccessLogValve$RequestHeaderElement,1,2,3,0,0,0,0,0,0,0.00063,0.00035,0.00035,
org.apache.catalina.valves.ExtendedAccessLogValve$RequestParameterElement,1,3,4,0,0,0,0,0,0,0.00063,0.00035,0.00035,
org.apache.catalina.valves.ExtendedAccessLogValve$ResponseAllHeaderElement,1,2,3,0,0,0,0,0,0,0.00063,0.00035,0.00035,
org.apache.catalina.valves.ExtendedAccessLogValve$ResponseHeaderElement,1,2,3,0,0,0,0,0,0,0.00063,0.00035,0.00035,
org.apache.catalina.valves.ExtendedAccessLogValve$ServletContextElement,1,2,3,0,0,0,0,0,0,0.00063,0.00035,0.00035,
org.apache.catalina.valves.ExtendedAccessLogValve$SessionAttributeElement,1,2,3,0,0,0,0,0,0,0.00063,0.00035,0.00035,
org.apache.catalina.valves.ExtendedAccessLogValve$TimeElement,2,3,5,0,0,0,0,0,0,0.00063,0.00035,0.00035,
org.apache.catalina.valves.ExtendedAccessLogValve$TimeElement$1,0,3,3,0,0,0,0,0,0,0.00063,0.00035,0.00035,
org.apache.catalina.valves.StuckThreadDetectionValve$CompletedStuckThread,3,4,7,0,0,0,0,0,0,0.00063,0.00035,0.00035,
org.apache.catalina.valves.StuckThreadDetectionValve$MonitoredThread,6,10,16,0,0,0,0,0,0,0.00063,0.00035,0.00035,
org.apache.catalina.valves.StuckThreadDetectionValve$MonitoredThreadState,4,4,8,0,0,0,0,0,0,0.00063,0.00035,0.00035,
org.apache.catalina.valves.rewrite.RewriteCond$Condition,0,2,2,0,0,0,0,0,0,0.00063,0.00035,0.00035,
org.apache.catalina.valves.rewrite.RewriteCond$LexicalCondition,2,2,4,0,0,0,0,0,0,0.00063,0.00035,0.00035,
org.apache.catalina.valves.rewrite.RewriteCond$PatternCondition,2,2,4,0,0,0,0,0,0,0.00063,0.00035,0.00035,
org.apache.catalina.valves.rewrite.RewriteCond$ResourceCondition,1,2,3,0,0,0,0,0,0,0.00063,0.00035,0.00035,
org.apache.catalina.valves.rewrite.Substitution$MapElement,5,2,7,0,0,0,0,0,0,0.00063,0.00035,0.00035,
org.apache.catalina.valves.rewrite.Substitution$RewriteCondBackReferenceElement,2,2,4,0,0,0,0,0,0,0.00063,0.00035,0.00035,
org.apache.catalina.valves.rewrite.Substitution$RewriteRuleBackReferenceElement,2,2,4,0,0,0,0,0,0,0.00063,0.00035,0.00035,
org.apache.catalina.valves.rewrite.Substitution$ServerVariableElement,2,2,4,0,0,0,0,0,0,0.00063,0.00035,0.00035,
org.apache.catalina.valves.rewrite.Substitution$ServerVariableEnvElement,2,2,4,0,0,0,0,0,0,0.00063,0.00035,0.00035,
org.apache.catalina.valves.rewrite.Substitution$ServerVariableHttpElement,2,2,4,0,0,0,0,0,0,0.00063,0.00035,0.00035,
org.apache.catalina.valves.rewrite.Substitution$ServerVariableSslElement,2,2,4,0,0,0,0,0,0,0.00063,0.00035,0.00035,
org.apache.catalina.valves.rewrite.Substitution$StaticElement,2,2,4,0,0,0,0,0,0,0.00063,0.00035,0.00035,
org.apache.catalina.valves.rewrite.Substitution$SubstitutionElement,1,2,3,0,0,0,0,0,0,0.00063,0.00035,0.00035,
org.apache.catalina.webresources.AbstractArchiveResource$JarInputStreamWrapper,4,11,15,0,0,0,0,0,0,0.00063,0.00035,0.00035,
org.apache.catalina.webresources.Cache$1,0,0,0,0,0,0,0,0,0,0.00063,0.00035,0.00035,
org.apache.catalina.webresources.Cache$EvictionOrder,0,4,4,0,0,0,0,0,0,0.00063,0.00035,0.00035,
org.apache.catalina.webresources.JarWarResourceSet$VersionedJarEntry,2,3,5,0,0,0,0,0,0,0.00063,0.00035,0.00035,
org.apache.catalina.webresources.StandardRoot$1,1,1,2,0,0,0,0,0,0,0.00063,0.00035,0.00035,
org.apache.catalina.webresources.StandardRoot$BaseLocation,2,3,5,0,0,0,0,0,0,0.00063,0.00035,0.00035,
org.apache.naming.factory.Constants,11,1,12,0,0,0,0,0,0,0.00063,0.00035,0.00035,
org.apache.naming.factory.DataSourceLinkFactory$DataSourceHandler,4,3,7,0,0,0,0,0,0,0.00063,0.00035,0.00035,
org.apache.naming.factory.MailSessionFactory,1,2,3,0,0,0,0,0,0,0.00063,0.00035,0.00035,
org.apache.naming.factory.MailSessionFactory$1,2,3,5,0,0,0,0,0,0,0.00063,0.00035,0.00035,
org.apache.naming.factory.MailSessionFactory$1$1,2,2,4,0,0,0,0,0,0,0.00063,0.00035,0.00035,
org.apache.naming.factory.SendMailFactory,1,2,3,0,0,0,0,0,0,0.00063,0.00035,0.00035,
org.apache.naming.factory.SendMailFactory$1,2,3,5,0,0,0,0,0,0,0.00063,0.00035,0.00035,
